Timestamp,SCT Version,Filename,Slice (I->S),VertLevel,DistancePMJ,MEAN(area),STD(area),MEAN(angle_AP),STD(angle_AP),MEAN(angle_RL),STD(angle_RL),MEAN(diameter_AP),STD(diameter_AP),MEAN(diameter_RL),STD(diameter_RL),MEAN(eccentricity),STD(eccentricity),MEAN(orientation),STD(orientation),MEAN(solidity),STD(solidity),SUM(length)
"2023-02-16 15:47:21","git-master-aef83eb1482ea9360065ac8d8913aaf18edd4ce8","sub-ubc02/anat/sub-ubc02_T2w_seg.nii.gz","647","9","","","","","","","","","","","","","","","","","",""
"2023-02-16 15:47:21","git-master-aef83eb1482ea9360065ac8d8913aaf18edd4ce8","sub-ubc02/anat/sub-ubc02_T2w_seg.nii.gz","648","9","","","","","","","","","","","","","","","","","",""
"2023-02-16 15:47:21","git-master-aef83eb1482ea9360065ac8d8913aaf18edd4ce8","sub-ubc02/anat/sub-ubc02_T2w_seg.nii.gz","649","9","","","","","","","","","","","","","","","","","",""
"2023-02-16 15:47:21","git-master-aef83eb1482ea9360065ac8d8913aaf18edd4ce8","sub-ubc02/anat/sub-ubc02_T2w_seg.nii.gz","650","9","","","","","","","","","","","","","","","","","",""
"2023-02-16 15:47:21","git-master-aef83eb1482ea9360065ac8d8913aaf18edd4ce8","sub-ubc02/anat/sub-ubc02_T2w_seg.nii.gz","651","9","","","","","","","","","","","","","","","","","",""
"2023-02-16 15:47:21","git-master-aef83eb1482ea9360065ac8d8913aaf18edd4ce8","sub-ubc02/anat/sub-ubc02_T2w_seg.nii.gz","652","9","","","","","","","","","","","","","","","","","",""
"2023-02-16 15:47:21","git-master-aef83eb1482ea9360065ac8d8913aaf18edd4ce8","sub-ubc02/anat/sub-ubc02_T2w_seg.nii.gz","653","9","","","","","","","","","","","","","","","","","",""
"2023-02-16 15:47:21","git-master-aef83eb1482ea9360065ac8d8913aaf18edd4ce8","sub-ubc02/anat/sub-ubc02_T2w_seg.nii.gz","654","9","","","","","","","","","","","","","","","","","",""
"2023-02-16 15:47:21","git-master-aef83eb1482ea9360065ac8d8913aaf18edd4ce8","sub-ubc02/anat/sub-ubc02_T2w_seg.nii.gz","655","9","","","","","","","","","","","","","","","","","",""
"2023-02-16 15:47:21","git-master-aef83eb1482ea9360065ac8d8913aaf18edd4ce8","sub-ubc02/anat/sub-ubc02_T2w_seg.nii.gz","656","9","","","","","","","","","","","","","","","","","",""
"2023-02-16 15:47:21","git-master-aef83eb1482ea9360065ac8d8913aaf18edd4ce8","sub-ubc02/anat/sub-ubc02_T2w_seg.nii.gz","657","9","","","","","","","","","","","","","","","","","",""
"2023-02-16 15:47:21","git-master-aef83eb1482ea9360065ac8d8913aaf18edd4ce8","sub-ubc02/anat/sub-ubc02_T2w_seg.nii.gz","658","9","","","","","","","","","","","","","","","","","",""
"2023-02-16 15:47:21","git-master-aef83eb1482ea9360065ac8d8913aaf18edd4ce8","sub-ubc02/anat/sub-ubc02_T2w_seg.nii.gz","659","9","","","","","","","","","","","","","","","","","",""
"2023-02-16 15:47:21","git-master-aef83eb1482ea9360065ac8d8913aaf18edd4ce8","sub-ubc02/anat/sub-ubc02_T2w_seg.nii.gz","660","9","","","","","","","","","","","","","","","","","",""
"2023-02-16 15:47:21","git-master-aef83eb1482ea9360065ac8d8913aaf18edd4ce8","sub-ubc02/anat/sub-ubc02_T2w_seg.nii.gz","661","9","","","","","","","","","","","","","","","","","",""
"2023-02-16 15:47:21","git-master-aef83eb1482ea9360065ac8d8913aaf18edd4ce8","sub-ubc02/anat/sub-ubc02_T2w_seg.nii.gz","662","9","","","","","","","","","","","","","","","","","",""
"2023-02-16 15:47:21","git-master-aef83eb1482ea9360065ac8d8913aaf18edd4ce8","sub-ubc02/anat/sub-ubc02_T2w_seg.nii.gz","663","9","","","","","","","","","","","","","","","","","",""
"2023-02-16 15:47:21","git-master-aef83eb1482ea9360065ac8d8913aaf18edd4ce8","sub-ubc02/anat/sub-ubc02_T2w_seg.nii.gz","664","9","","","","","","","","","","","","","","","","","",""
"2023-02-16 15:47:21","git-master-aef83eb1482ea9360065ac8d8913aaf18edd4ce8","sub-ubc02/anat/sub-ubc02_T2w_seg.nii.gz","665","9","","","","","","","","","","","","","","","","","",""
"2023-02-16 15:47:21","git-master-aef83eb1482ea9360065ac8d8913aaf18edd4ce8","sub-ubc02/anat/sub-ubc02_T2w_seg.nii.gz","666","9","","","","","","","","","","","","","","","","","",""
"2023-02-16 15:47:21","git-master-aef83eb1482ea9360065ac8d8913aaf18edd4ce8","sub-ubc02/anat/sub-ubc02_T2w_seg.nii.gz","667","9","","","","","","","","","","","","","","","","","",""
"2023-02-16 15:47:21","git-master-aef83eb1482ea9360065ac8d8913aaf18edd4ce8","sub-ubc02/anat/sub-ubc02_T2w_seg.nii.gz","668","9","","","","","","","","","","","","","","","","","",""
"2023-02-16 15:47:21","git-master-aef83eb1482ea9360065ac8d8913aaf18edd4ce8","sub-ubc02/anat/sub-ubc02_T2w_seg.nii.gz","669","9","","","","","","","","","","","","","","","","","",""
"2023-02-16 15:47:21","git-master-aef83eb1482ea9360065ac8d8913aaf18edd4ce8","sub-ubc02/anat/sub-ubc02_T2w_seg.nii.gz","670","9","","","","","","","","","","","","","","","","","",""
"2023-02-16 15:47:21","git-master-aef83eb1482ea9360065ac8d8913aaf18edd4ce8","sub-ubc02/anat/sub-ubc02_T2w_seg.nii.gz","671","9","","","","","","","","","","","","","","","","","",""
"2023-02-16 15:47:21","git-master-aef83eb1482ea9360065ac8d8913aaf18edd4ce8","sub-ubc02/anat/sub-ubc02_T2w_seg.nii.gz","672","9","","","","","","","","","","","","","","","","","",""
"2023-02-16 15:47:21","git-master-aef83eb1482ea9360065ac8d8913aaf18edd4ce8","sub-ubc02/anat/sub-ubc02_T2w_seg.nii.gz","673","9","","","","","","","","","","","","","","","","","",""
"2023-02-16 15:47:21","git-master-aef83eb1482ea9360065ac8d8913aaf18edd4ce8","sub-ubc02/anat/sub-ubc02_T2w_seg.nii.gz","674","9","","","","","","","","","","","","","","","","","",""
"2023-02-16 15:47:21","git-master-aef83eb1482ea9360065ac8d8913aaf18edd4ce8","sub-ubc02/anat/sub-ubc02_T2w_seg.nii.gz","675","9","",32.991664117050796,0.0,-7.49743641462801,0.0,18.515044835124005,0.0,5.820981679004556,0.0,7.131762252671214,0.0,0.577762676809908,0.0,7.2968940772217445,0.0,0.9689922480620154,0.0,""
"2023-02-16 15:47:21","git-master-aef83eb1482ea9360065ac8d8913aaf18edd4ce8","sub-ubc02/anat/sub-ubc02_T2w_seg.nii.gz","676","9","",35.80123307292898,0.0,-7.424339358393884,0.0,18.59442304886113,0.0,5.860356580591818,0.0,7.633235650565148,0.0,0.635203992723154,0.0,5.2689357401594785,0.0,0.9723553380404125,0.0,""
"2023-02-16 15:47:21","git-master-aef83eb1482ea9360065ac8d8913aaf18edd4ce8","sub-ubc02/anat/sub-ubc02_T2w_seg.nii.gz","677","9","",38.081283385662786,0.0,-7.351374331159698,0.0,18.67288439065343,0.0,5.979982429880557,0.0,7.939383167574505,0.0,0.654862534299073,0.0,5.443699388324733,0.0,0.9745076081944536,0.0,""
"2023-02-16 15:47:21","git-master-aef83eb1482ea9360065ac8d8913aaf18edd4ce8","sub-ubc02/anat/sub-ubc02_T2w_seg.nii.gz","678","9","",39.125790197726374,0.0,-7.278717371592033,0.0,18.749206364574455,0.0,6.286860490472742,0.0,7.789770295853179,0.0,0.5863612690878965,0.0,10.758147668687528,0.0,0.9738346320916639,0.0,""
"2023-02-16 15:47:21","git-master-aef83eb1482ea9360065ac8d8913aaf18edd4ce8","sub-ubc02/anat/sub-ubc02_T2w_seg.nii.gz","679","9","",38.49053987753649,0.0,-7.206325334195462,0.0,18.823702384869303,0.0,6.29624723710995,0.0,7.680852038911517,0.0,0.572468294586486,0.0,13.281866079998712,0.0,0.9755064265316526,0.0,""
"2023-02-16 15:47:21","git-master-aef83eb1482ea9360065ac8d8913aaf18edd4ce8","sub-ubc02/anat/sub-ubc02_T2w_seg.nii.gz","680","9","",36.73545146917763,0.0,-7.134109911579619,0.0,18.896981102746697,0.0,6.107306441110504,0.0,7.599063525156298,0.0,0.5949808472249195,0.0,13.945097911942158,0.0,0.9787414013334935,0.0,""
"2023-02-16 15:47:21","git-master-aef83eb1482ea9360065ac8d8913aaf18edd4ce8","sub-ubc02/anat/sub-ubc02_T2w_seg.nii.gz","681","9","",39.21616053372124,0.0,-7.062293142865534,0.0,18.967532215008422,0.0,6.363379386138376,0.0,7.79858116853175,0.0,0.5781314347901562,0.0,15.566154075259574,0.0,0.9658834817946719,0.0,""
"2023-02-16 15:47:21","git-master-aef83eb1482ea9360065ac8d8913aaf18edd4ce8","sub-ubc02/anat/sub-ubc02_T2w_seg.nii.gz","682","9","",41.16026972060146,0.0,-6.99060953550923,0.0,19.03717655930163,0.0,6.558043397936357,0.0,7.965657704097663,0.0,0.5673430527891294,0.0,16.180003514991274,0.0,0.9542704541099828,0.0,""
"2023-02-16 15:47:21","git-master-aef83eb1482ea9360065ac8d8913aaf18edd4ce8","sub-ubc02/anat/sub-ubc02_T2w_seg.nii.gz","683","9","",39.07540274220491,0.0,-6.91928139407216,0.0,19.104406100883317,0.0,6.309287791913747,0.0,7.877944849700683,0.0,0.5982929992222467,0.0,12.339326357547254,0.0,0.9547893913265633,0.0,""
"2023-02-16 15:47:21","git-master-aef83eb1482ea9360065ac8d8913aaf18edd4ce8","sub-ubc02/anat/sub-ubc02_T2w_seg.nii.gz","684","9","",37.86017489657441,0.0,-6.848176096666472,0.0,19.170132262629345,0.0,6.184297232843209,0.0,7.829376981684598,0.0,0.6132556407320525,0.0,8.190465540569734,0.0,0.9585436708161368,0.0,""
"2023-02-16 15:47:21","git-master-aef83eb1482ea9360065ac8d8913aaf18edd4ce8","sub-ubc02/anat/sub-ubc02_T2w_seg.nii.gz","685","9","",37.514586183709945,0.0,-6.777293643292166,0.0,19.234355044539715,0.0,6.183071720724739,0.0,7.819954100049409,0.0,0.6122309773185469,0.0,3.733421064058704,0.0,0.9655332925787037,0.0,""
"2023-02-16 15:47:21","git-master-aef83eb1482ea9360065ac8d8913aaf18edd4ce8","sub-ubc02/anat/sub-ubc02_T2w_seg.nii.gz","686","9","",37.4001154625122,0.0,-6.706768802740158,0.0,19.29618146392309,0.0,6.118551346968437,0.0,7.841903810186692,0.0,0.6251821082749166,0.0,2.546740863705677,0.0,0.9676688369717861,0.0,""
"2023-02-16 15:47:21","git-master-aef83eb1482ea9360065ac8d8913aaf18edd4ce8","sub-ubc02/anat/sub-ubc02_T2w_seg.nii.gz","687","9","",37.44350390896342,0.0,-6.636378197049237,0.0,19.35711033322265,0.0,6.050631421267418,0.0,7.876735923854391,0.0,0.6402468188704412,0.0,2.2700900364948584,0.0,0.9688935620522402,0.0,""
"2023-02-16 15:47:21","git-master-aef83eb1482ea9360065ac8d8913aaf18edd4ce8","sub-ubc02/anat/sub-ubc02_T2w_seg.nii.gz","688","9","",38.38760938300525,0.0,-6.566391076257941,0.0,19.415353067453605,0.0,6.094528966749063,0.0,7.956921337807762,0.0,0.6428882088861425,0.0,2.825383946208482,0.0,0.9728425874003794,0.0,""
"2023-02-16 15:47:21","git-master-aef83eb1482ea9360065ac8d8913aaf18edd4ce8","sub-ubc02/anat/sub-ubc02_T2w_seg.nii.gz","689","9","",39.06095378897697,0.0,-6.496583791430244,0.0,19.47240612419626,0.0,6.17393394469823,0.0,7.951130566079815,0.0,0.6287923168398446,0.0,2.8415698507235145,0.0,0.9723131489600546,0.0,""
"2023-02-16 15:47:21","git-master-aef83eb1482ea9360065ac8d8913aaf18edd4ce8","sub-ubc02/anat/sub-ubc02_T2w_seg.nii.gz","690","9","",39.32815659284354,0.0,-6.42704626054795,0.0,19.527674664706474,0.0,6.306600071348676,0.0,7.816375515829894,0.0,0.5895905017005483,0.0,2.049093747440661,0.0,0.9650660148370341,0.0,""
"2023-02-16 15:47:21","git-master-aef83eb1482ea9360065ac8d8913aaf18edd4ce8","sub-ubc02/anat/sub-ubc02_T2w_seg.nii.gz","691","9","",40.13922859434644,0.0,-6.357824315115814,0.0,19.580868223182925,0.0,6.234324211732614,0.0,8.061008818135393,0.0,0.6268056694081291,0.0,1.2511482686918685,0.0,0.9641574218672855,0.0,""
"2023-02-16 15:47:21","git-master-aef83eb1482ea9360065ac8d8913aaf18edd4ce8","sub-ubc02/anat/sub-ubc02_T2w_seg.nii.gz","692","9","",41.18338739483634,0.0,-6.288737620590888,0.0,19.633172503644907,0.0,6.074216072288047,0.0,8.46823712867893,0.0,0.696770972621514,0.0,0.45085877188624407,0.0,0.9659653465346535,0.0,""
"2023-02-16 15:47:21","git-master-aef83eb1482ea9360065ac8d8913aaf18edd4ce8","sub-ubc02/anat/sub-ubc02_T2w_seg.nii.gz","693","8","",41.1682433440957,0.0,-6.172058735390027,0.0,19.71706661677952,0.0,5.950687670390737,0.0,8.608674623918038,0.0,0.7226225548887776,0.0,2.3225682954136313,0.0,0.9713216957605985,0.0,""
"2023-02-16 15:47:21","git-master-aef83eb1482ea9360065ac8d8913aaf18edd4ce8","sub-ubc02/anat/sub-ubc02_T2w_seg.nii.gz","694","8","",41.954127970860704,0.0,-6.094786494831938,0.0,19.769657420417087,0.0,6.010995776927479,0.0,8.654163852008953,0.0,0.719418340370178,0.0,1.7042030912205641,0.0,0.9659573222272435,0.0,""
"2023-02-16 15:47:21","git-master-aef83eb1482ea9360065ac8d8913aaf18edd4ce8","sub-ubc02/anat/sub-ubc02_T2w_seg.nii.gz","695","8","",42.14388493763693,0.0,-6.01777175723911,0.0,19.820583728452135,0.0,6.054404531071208,0.0,8.656288981820138,0.0,0.7146654590063364,0.0,2.0945302997072694,0.0,0.9586999401568939,0.0,""
"2023-02-16 15:47:21","git-master-aef83eb1482ea9360065ac8d8913aaf18edd4ce8","sub-ubc02/anat/sub-ubc02_T2w_seg.nii.gz","696","8","",41.7375142444244,0.0,-5.941014522611543,0.0,19.86984554088466,0.0,6.080913932821924,0.0,8.615050013351595,0.0,0.7083639107972525,0.0,3.4935499208737473,0.0,0.9495495495495495,0.0,""
"2023-02-16 15:47:21","git-master-aef83eb1482ea9360065ac8d8913aaf18edd4ce8","sub-ubc02/anat/sub-ubc02_T2w_seg.nii.gz","697","8","",42.95084082962324,0.0,-5.864773587693383,0.0,19.915787411503562,0.0,6.208873008156884,0.0,8.834909587745706,0.0,0.7113776929835461,0.0,2.854985434914019,0.0,0.9484727511892197,0.0,""
"2023-02-16 15:47:21","git-master-aef83eb1482ea9360065ac8d8913aaf18edd4ce8","sub-ubc02/anat/sub-ubc02_T2w_seg.nii.gz","698","8","",42.81150443410897,0.0,-5.788791435058468,0.0,19.9600735500633,0.0,6.213107911944805,0.0,8.820600325649773,0.0,0.7096994599942796,0.0,2.7790437579941036,0.0,0.9473898066695211,0.0,""
"2023-02-16 15:47:21","git-master-aef83eb1482ea9360065ac8d8913aaf18edd4ce8","sub-ubc02/anat/sub-ubc02_T2w_seg.nii.gz","699","8","",41.3195050578816,0.0,-5.713068064706798,0.0,20.002703956563877,0.0,6.093618644185688,0.0,8.572122227063796,0.0,0.7033292118294531,0.0,3.2657248901140012,0.0,0.9463007159904535,0.0,""
"2023-02-16 15:47:21","git-master-aef83eb1482ea9360065ac8d8913aaf18edd4ce8","sub-ubc02/anat/sub-ubc02_T2w_seg.nii.gz","700","8","",42.598792126906666,0.0,-5.637863495180488,0.0,20.042030798360873,0.0,6.217021855107706,0.0,8.670580697165908,0.0,0.69705619045876,0.0,1.3922421575887705,0.0,0.9645768741775033,0.0,""
"2023-02-16 15:47:21","git-master-aef83eb1482ea9360065ac8d8913aaf18edd4ce8","sub-ubc02/anat/sub-ubc02_T2w_seg.nii.gz","701","8","",44.66126656859197,0.0,-5.562918930060321,0.0,20.07970951536395,0.0,6.368672383628871,0.0,8.92777923116218,0.0,0.7003819036774327,0.0,0.41561893186428006,0.0,0.9657072994428346,0.0,""
"2023-02-16 15:47:21","git-master-aef83eb1482ea9360065ac8d8913aaf18edd4ce8","sub-ubc02/anat/sub-ubc02_T2w_seg.nii.gz","702","8","",47.50692838293751,0.0,-5.488234369346297,0.0,20.11574010757312,0.0,6.548570229749182,0.0,9.343717829052613,0.0,0.7133063514854711,0.0,0.3358552129405305,0.0,0.9496919917864476,0.0,""
"2023-02-16 15:47:21","git-master-aef83eb1482ea9360065ac8d8913aaf18edd4ce8","sub-ubc02/anat/sub-ubc02_T2w_seg.nii.gz","703","8","",47.95973670963368,0.0,-5.414070997488396,0.0,20.148481175537327,0.0,6.378328588768515,0.0,9.670552562462706,0.0,0.7500490015531295,0.0,1.3264069161292085,0.0,0.953638827194122,0.0,""
"2023-02-16 15:47:21","git-master-aef83eb1482ea9360065ac8d8913aaf18edd4ce8","sub-ubc02/anat/sub-ubc02_T2w_seg.nii.gz","704","8","",47.58859304950688,0.0,-5.3401687962745354,0.0,20.17958054668939,0.0,6.218008140842788,0.0,9.83530349756844,0.0,0.774665590930443,0.0,1.2428010136881564,0.0,0.9552245474460971,0.0,""
"2023-02-16 15:47:21","git-master-aef83eb1482ea9360065ac8d8913aaf18edd4ce8","sub-ubc02/anat/sub-ubc02_T2w_seg.nii.gz","705","8","",46.39349740255712,0.0,-5.266527765704716,0.0,20.20903822102931,0.0,6.067608885972004,0.0,9.837970634369814,0.0,0.7871561196174116,0.0,0.08503750561737446,0.0,0.9544491525423728,0.0,""
"2023-02-16 15:47:21","git-master-aef83eb1482ea9360065ac8d8913aaf18edd4ce8","sub-ubc02/anat/sub-ubc02_T2w_seg.nii.gz","706","8","",44.74659955294103,0.0,-5.193410201576503,0.0,20.23521803320077,0.0,6.090293980758711,0.0,9.438853704822618,0.0,0.7629945328437124,0.0,0.9267497638774446,0.0,0.9637002454175934,0.0,""
"2023-02-16 15:47:21","git-master-aef83eb1482ea9360065ac8d8913aaf18edd4ce8","sub-ubc02/anat/sub-ubc02_T2w_seg.nii.gz","707","8","",44.690130454936416,0.0,-5.120554919774385,0.0,20.259761378457107,0.0,6.171782680014779,0.0,9.287239126187693,0.0,0.7472462423772545,0.0,2.3478740448257645,0.0,0.959471479285071,0.0,""
"2023-02-16 15:47:21","git-master-aef83eb1482ea9360065ac8d8913aaf18edd4ce8","sub-ubc02/anat/sub-ubc02_T2w_seg.nii.gz","708","8","",46.224090108543265,0.0,-5.04796192029836,0.0,20.282668256798317,0.0,6.31207498374021,0.0,9.383126898465038,0.0,0.7399112482180378,0.0,4.348410348462334,0.0,0.9417628541448059,0.0,""
"2023-02-16 15:47:21","git-master-aef83eb1482ea9360065ac8d8913aaf18edd4ce8","sub-ubc02/anat/sub-ubc02_T2w_seg.nii.gz","709","8","",43.34666594834069,0.0,-4.975894557079559,0.0,20.30230652305242,0.0,5.816239510406388,0.0,9.504157935979318,0.0,0.7886791673672071,0.0,4.335996855715018,0.0,0.9443514988197472,0.0,""
"2023-02-16 15:47:21","git-master-aef83eb1482ea9360065ac8d8913aaf18edd4ce8","sub-ubc02/anat/sub-ubc02_T2w_seg.nii.gz","710","8","",43.05400694087293,0.0,-4.904090534658683,0.0,20.320312339329313,0.0,5.730681521874805,0.0,9.526122045710368,0.0,0.7979309725283875,0.0,3.7264094538498096,0.0,0.9560945953244154,0.0,""
"2023-02-16 15:47:21","git-master-aef83eb1482ea9360065ac8d8913aaf18edd4ce8","sub-ubc02/anat/sub-ubc02_T2w_seg.nii.gz","711","8","",45.346113086139965,0.0,-4.832549853035732,0.0,20.336685705628998,0.0,6.055401018145462,0.0,9.449019227658187,0.0,0.7676666637015792,0.0,2.5196481428667092,0.0,0.9769921436588104,0.0,""
"2023-02-16 15:47:21","git-master-aef83eb1482ea9360065ac8d8913aaf18edd4ce8","sub-ubc02/anat/sub-ubc02_T2w_seg.nii.gz","712","8","",45.295223206963236,0.0,-4.761536872421571,0.0,20.349797271931674,0.0,6.031354877329986,0.0,9.457499875248253,0.0,0.7702517298118147,0.0,2.226682820547663,0.0,0.9714273924178117,0.0,""
"2023-02-16 15:47:21","git-master-aef83eb1482ea9360065ac8d8913aaf18edd4ce8","sub-ubc02/anat/sub-ubc02_T2w_seg.nii.gz","713","8","",45.063736866363556,0.0,-4.6907882392265075,0.0,20.361279181064898,0.0,6.027795126466042,0.0,9.443335412904093,0.0,0.7697609215531039,0.0,2.4291626712109715,0.0,0.9683318053436285,0.0,""
"2023-02-16 15:47:21","git-master-aef83eb1482ea9360065ac8d8913aaf18edd4ce8","sub-ubc02/anat/sub-ubc02_T2w_seg.nii.gz","714","8","",44.65165406434092,0.0,-4.620303953450543,0.0,20.371131433028673,0.0,6.044721765553631,0.0,9.406525840625708,0.0,0.7661942389254469,0.0,3.1270876948566357,0.0,0.9677053824362606,0.0,""
"2023-02-16 15:47:21","git-master-aef83eb1482ea9360065ac8d8913aaf18edd4ce8","sub-ubc02/anat/sub-ubc02_T2w_seg.nii.gz","715","8","",45.844654393449225,0.0,-4.550349331102099,0.0,20.377726240320793,0.0,6.077686510128289,0.0,9.61144978110383,0.0,0.7745484475390922,0.0,3.3517846238834013,0.0,0.9695737402586553,0.0,""
"2023-02-16 15:47:21","git-master-aef83eb1482ea9360065ac8d8913aaf18edd4ce8","sub-ubc02/anat/sub-ubc02_T2w_seg.nii.gz","716","8","",46.64127695885869,0.0,-4.480660012314326,0.0,20.382692951482543,0.0,6.129651092024121,0.0,9.657613014430085,0.0,0.7725706765822169,0.0,2.959700235028848,0.0,0.9723935062432458,0.0,""
"2023-02-16 15:47:21","git-master-aef83eb1482ea9360065ac8d8913aaf18edd4ce8","sub-ubc02/anat/sub-ubc02_T2w_seg.nii.gz","717","8","",47.04152176056931,0.0,-4.411235997087223,0.0,20.386031566513925,0.0,6.200615511241126,0.0,9.545015540604474,0.0,0.7602609260548209,0.0,1.9508345282929764,0.0,0.9761646803900325,0.0,""
"2023-02-16 15:47:21","git-master-aef83eb1482ea9360065ac8d8913aaf18edd4ce8","sub-ubc02/anat/sub-ubc02_T2w_seg.nii.gz","718","8","",47.83988911727925,0.0,-4.3423435081253565,0.0,20.386114623594636,0.0,6.327263576479445,0.0,9.499680461211723,0.0,0.7457102615278053,0.0,4.473774097677009,0.0,0.9616891239671399,0.0,""
"2023-02-16 15:47:21","git-master-aef83eb1482ea9360065ac8d8913aaf18edd4ce8","sub-ubc02/anat/sub-ubc02_T2w_seg.nii.gz","719","8","",47.6461491635761,0.0,-4.273717229766309,0.0,20.384569909591303,0.0,6.2528835800305265,0.0,9.526778688323882,0.0,0.7535729312042568,0.0,3.860340509523792,0.0,0.960730502067513,0.0,""
"2023-02-16 15:47:21","git-master-aef83eb1482ea9360065ac8d8913aaf18edd4ce8","sub-ubc02/anat/sub-ubc02_T2w_seg.nii.gz","720","8","",46.46030189945986,0.0,-4.205357162010079,0.0,20.381397424503923,0.0,5.97747552189437,0.0,9.626310221940951,0.0,0.7838489350841757,0.0,0.11053376383332497,0.0,0.9732888146911519,0.0,""
"2023-02-16 15:47:21","git-master-aef83eb1482ea9360065ac8d8913aaf18edd4ce8","sub-ubc02/anat/sub-ubc02_T2w_seg.nii.gz","721","8","",47.26088479305783,0.0,-4.137530386543536,0.0,20.374968794492876,0.0,6.1267949772764965,0.0,9.682741068250902,0.0,0.7743069033290131,0.0,0.5076509919672904,0.0,0.9591832433329616,0.0,""
"2023-02-16 15:47:21","git-master-aef83eb1482ea9360065ac8d8913aaf18edd4ce8","sub-ubc02/anat/sub-ubc02_T2w_seg.nii.gz","722","8","",48.26078245894848,0.0,-4.069970681009542,0.0,20.36691148157587,0.0,6.169799770336309,0.0,9.916398649592978,0.0,0.7818419960871558,0.0,2.159036046807545,0.0,0.9507362877518936,0.0,""
"2023-02-16 15:47:21","git-master-aef83eb1482ea9360065ac8d8913aaf18edd4ce8","sub-ubc02/anat/sub-ubc02_T2w_seg.nii.gz","723","8","",49.4599948971318,0.0,-4.002678045408096,0.0,20.35722548575291,0.0,6.106489901073806,0.0,10.32728296596718,0.0,0.8064542133586038,0.0,5.064688928354088,0.0,0.9479479479479479,0.0,""
"2023-02-16 15:47:21","git-master-aef83eb1482ea9360065ac8d8913aaf18edd4ce8","sub-ubc02/anat/sub-ubc02_T2w_seg.nii.gz","724","8","",47.87923488652843,0.0,-3.9359203740866966,0.0,20.344280285920163,0.0,5.959364529131978,0.0,10.218605174648568,0.0,0.8123376892682683,0.0,3.105036574960927,0.0,0.9528620819400961,0.0,""
"2023-02-16 15:47:21","git-master-aef83eb1482ea9360065ac8d8913aaf18edd4ce8","sub-ubc02/anat/sub-ubc02_T2w_seg.nii.gz","725","8","",47.68975282708899,0.0,-3.869430585706793,0.0,20.32970425695076,0.0,5.989448327328292,0.0,10.122610427016985,0.0,0.8057758081703478,0.0,2.401225346861944,0.0,0.951357547102228,0.0,""
"2023-02-16 15:47:21","git-master-aef83eb1482ea9360065ac8d8913aaf18edd4ce8","sub-ubc02/anat/sub-ubc02_T2w_seg.nii.gz","726","8","",48.891548718813475,0.0,-3.8032086802683853,0.0,20.313497398844696,0.0,6.196741295662748,0.0,10.039298723072434,0.0,0.7867685700648424,0.0,2.9532552440571385,0.0,0.9434343434343434,0.0,""
"2023-02-16 15:47:21","git-master-aef83eb1482ea9360065ac8d8913aaf18edd4ce8","sub-ubc02/anat/sub-ubc02_T2w_seg.nii.gz","727","8","",48.107015654653985,0.0,-3.737523319852571,0.0,20.294025813805742,0.0,6.12980905502695,0.0,9.927830821486475,0.0,0.7866198148037548,0.0,4.081025208507285,0.0,0.9714255586825782,0.0,""
"2023-02-16 15:47:21","git-master-aef83eb1482ea9360065ac8d8913aaf18edd4ce8","sub-ubc02/anat/sub-ubc02_T2w_seg.nii.gz","728","8","",48.11824722370513,0.0,-3.672106610460537,0.0,20.27292002482343,0.0,6.109630462978765,0.0,9.947155653413255,0.0,0.7890835923012998,0.0,3.1711966952836423,0.0,0.9743512740638095,0.0,""
"2023-02-16 15:47:21","git-master-aef83eb1482ea9360065ac8d8913aaf18edd4ce8","sub-ubc02/anat/sub-ubc02_T2w_seg.nii.gz","729","8","",48.92524342596691,0.0,-3.6069585520922844,0.0,20.250180031897756,0.0,6.136205519518193,0.0,10.097273218852775,0.0,0.7941599025574775,0.0,0.22376970438621047,0.0,0.9522114895780376,0.0,""
"2023-02-16 15:47:21","git-master-aef83eb1482ea9360065ac8d8913aaf18edd4ce8","sub-ubc02/anat/sub-ubc02_T2w_seg.nii.gz","730","8","",49.73387267412944,0.0,-3.542348531030572,0.0,20.224167340379392,0.0,6.256110614399564,0.0,10.016989146804349,0.0,0.7807820584159774,0.0,2.3547063318103434,0.0,0.9527684652239813,0.0,""
"2023-02-16 15:47:21","git-master-aef83eb1482ea9360065ac8d8913aaf18edd4ce8","sub-ubc02/anat/sub-ubc02_T2w_seg.nii.gz","731","8","",50.14526365935224,0.0,-3.478007885542845,0.0,20.19651585083168,0.0,6.337386590028918,0.0,9.971730275589152,0.0,0.7720567555696878,0.0,3.282936733171429,0.0,0.9484166471408866,0.0,""
"2023-02-16 15:47:21","git-master-aef83eb1482ea9360065ac8d8913aaf18edd4ce8","sub-ubc02/anat/sub-ubc02_T2w_seg.nii.gz","732","8","",50.1594163816353,0.0,-3.4139366156291033,0.0,20.167225563254625,0.0,6.380033446406255,0.0,9.961496605207186,0.0,0.7679839940186086,0.0,3.008460908469468,0.0,0.9391560353287537,0.0,""
"2023-02-16 15:47:21","git-master-aef83eb1482ea9360065ac8d8913aaf18edd4ce8","sub-ubc02/anat/sub-ubc02_T2w_seg.nii.gz","733","8","",48.97980532195008,0.0,-3.3504047896353737,0.0,20.134652178846455,0.0,6.028443907022784,0.0,10.227402476869898,0.0,0.8060973309720388,0.0,1.5847512394940775,0.0,0.9469882736194898,0.0,""
"2023-02-16 15:47:21","git-master-aef83eb1482ea9360065ac8d8913aaf18edd4ce8","sub-ubc02/anat/sub-ubc02_T2w_seg.nii.gz","734","8","",48.597066664958334,0.0,-3.287143021626831,0.0,20.100434195947358,0.0,5.960420412795872,0.0,10.233006882083645,0.0,0.8119158268123049,0.0,0.8910010713661806,0.0,0.9496544190248104,0.0,""
"2023-02-16 15:47:21","git-master-aef83eb1482ea9360065ac8d8913aaf18edd4ce8","sub-ubc02/anat/sub-ubc02_T2w_seg.nii.gz","735","8","",49.011200410660074,0.0,-3.2241513116034755,0.0,20.06457161455734,0.0,6.175962963725517,0.0,9.978309820848427,0.0,0.7854394815394067,0.0,0.9272104040857774,0.0,0.9471544715447154,0.0,""
"2023-02-16 15:47:21","git-master-aef83eb1482ea9360065ac8d8913aaf18edd4ce8","sub-ubc02/anat/sub-ubc02_T2w_seg.nii.gz","736","7","",44.85047054758781,0.0,-3.130474898037801,0.0,20.005833904331993,0.0,5.61161956958263,0.0,10.11850309706173,0.0,0.8321240107381924,0.0,4.936447067600748,0.0,0.9598214285714286,0.0,""
"2023-02-16 15:47:21","git-master-aef83eb1482ea9360065ac8d8913aaf18edd4ce8","sub-ubc02/anat/sub-ubc02_T2w_seg.nii.gz","737","7","",47.0410974334404,0.0,-3.0741934952351055,0.0,19.967232403671257,0.0,5.728428772698114,0.0,10.34227906252516,0.0,0.8325868813055758,0.0,3.877560604017901,0.0,0.9551485782497626,0.0,""
"2023-02-16 15:47:21","git-master-aef83eb1482ea9360065ac8d8913aaf18edd4ce8","sub-ubc02/anat/sub-ubc02_T2w_seg.nii.gz","738","7","",47.96296931237235,0.0,-3.018084550560554,0.0,19.92757738806099,0.0,5.756634311996712,0.0,10.478882728461643,0.0,0.8355441900913532,0.0,2.864430408850097,0.0,0.9501514740795033,0.0,""
"2023-02-16 15:47:21","git-master-aef83eb1482ea9360065ac8d8913aaf18edd4ce8","sub-ubc02/anat/sub-ubc02_T2w_seg.nii.gz","739","7","",46.528581892737385,0.0,-2.962295885266841,0.0,19.8859658446873,0.0,5.620290189921096,0.0,10.453594980990935,0.0,0.8431340269970052,0.0,1.9362761407388018,0.0,0.944552184190428,0.0,""
"2023-02-16 15:47:21","git-master-aef83eb1482ea9360065ac8d8913aaf18edd4ce8","sub-ubc02/anat/sub-ubc02_T2w_seg.nii.gz","740","7","",48.15970504861552,0.0,-2.9068525133566245,0.0,19.8422418951968,0.0,5.6955467474693044,0.0,10.782362049841502,0.0,0.8489184965807567,0.0,2.9396989748724867,0.0,0.9389995286228126,0.0,""
"2023-02-16 15:47:21","git-master-aef83eb1482ea9360065ac8d8913aaf18edd4ce8","sub-ubc02/anat/sub-ubc02_T2w_seg.nii.gz","741","7","",50.9447444252442,0.0,-2.851581814212483,0.0,19.79746133263025,0.0,5.853700250258748,0.0,11.233016162342429,0.0,0.8534803410886127,0.0,4.593953601861156,0.0,0.9340313245001395,0.0,""
"2023-02-16 15:47:21","git-master-aef83eb1482ea9360065ac8d8913aaf18edd4ce8","sub-ubc02/anat/sub-ubc02_T2w_seg.nii.gz","742","7","",50.69217730981245,0.0,-2.796780222929561,0.0,19.7498061428555,0.0,5.863861607123351,0.0,11.116506314155515,0.0,0.8495131573470748,0.0,2.885455889099773,0.0,0.9397879612137668,0.0,""
"2023-02-16 15:47:21","git-master-aef83eb1482ea9360065ac8d8913aaf18edd4ce8","sub-ubc02/anat/sub-ubc02_T2w_seg.nii.gz","743","7","",51.32742653867623,0.0,-2.742176352558735,0.0,19.700937098169415,0.0,6.006938381304968,0.0,11.001539314519388,0.0,0.8370568061282788,0.0,2.121426042325186,0.0,0.9415597498070333,0.0,""
"2023-02-16 15:47:21","git-master-aef83eb1482ea9360065ac8d8913aaf18edd4ce8","sub-ubc02/anat/sub-ubc02_T2w_seg.nii.gz","744","7","",53.29440028398329,0.0,-2.687869063556053,0.0,19.650247271116324,0.0,6.3493882814621045,0.0,10.888886587709438,0.0,0.8118667036935957,0.0,2.7740979945307926,0.0,0.9373542662197586,0.0,""
"2023-02-16 15:47:21","git-master-aef83eb1482ea9360065ac8d8913aaf18edd4ce8","sub-ubc02/anat/sub-ubc02_T2w_seg.nii.gz","745","7","",54.37929852581749,0.0,-2.633932867179047,0.0,19.597274550805423,0.0,6.568948975436711,0.0,10.729456126205232,0.0,0.7899587492180533,0.0,3.4229287032801707,0.0,0.932453875424509,0.0,""
"2023-02-16 15:47:21","git-master-aef83eb1482ea9360065ac8d8913aaf18edd4ce8","sub-ubc02/anat/sub-ubc02_T2w_seg.nii.gz","746","7","",55.20709973961448,0.0,-2.580169894515948,0.0,19.543235508381137,0.0,6.724232613502086,0.0,10.611343483979981,0.0,0.7733451836225781,0.0,4.029892666945801,0.0,0.9282929117997855,0.0,""
"2023-02-16 15:47:21","git-master-aef83eb1482ea9360065ac8d8913aaf18edd4ce8","sub-ubc02/anat/sub-ubc02_T2w_seg.nii.gz","747","7","",56.36725421149523,0.0,-2.5268526574009855,0.0,19.486448246709813,0.0,6.6696903669319765,0.0,11.005424419348083,0.0,0.7945346740702846,0.0,4.271579655226391,0.0,0.9328715143337215,0.0,""
"2023-02-16 15:47:21","git-master-aef83eb1482ea9360065ac8d8913aaf18edd4ce8","sub-ubc02/anat/sub-ubc02_T2w_seg.nii.gz","748","7","",56.68744973445337,0.0,-2.473758493046847,0.0,19.4282822809643,0.0,6.532860731106461,0.0,11.299877303445166,0.0,0.8153430477000854,0.0,4.344142342670337,0.0,0.9458240742810892,0.0,""
"2023-02-16 15:47:21","git-master-aef83eb1482ea9360065ac8d8913aaf18edd4ce8","sub-ubc02/anat/sub-ubc02_T2w_seg.nii.gz","749","7","",55.98102876428388,0.0,-2.420936973178161,0.0,19.368431232461443,0.0,6.295457619524339,0.0,11.472562569322118,0.0,0.8356856118857794,0.0,4.20999755131394,0.0,0.9690114710670954,0.0,""
"2023-02-16 15:47:21","git-master-aef83eb1482ea9360065ac8d8913aaf18edd4ce8","sub-ubc02/anat/sub-ubc02_T2w_seg.nii.gz","750","7","",54.962606915110385,0.0,-2.3685123789518223,0.0,19.3061206011786,0.0,6.222899333680359,0.0,11.446396581076307,0.0,0.8393055261002489,0.0,2.7318704862247807,0.0,0.9678611983212251,0.0,""
"2023-02-16 15:47:21","git-master-aef83eb1482ea9360065ac8d8913aaf18edd4ce8","sub-ubc02/anat/sub-ubc02_T2w_seg.nii.gz","751","7","",54.18498224592785,0.0,-2.3162615033529272,0.0,19.24273222785045,0.0,6.197225792742106,0.0,11.429415185251605,0.0,0.8401460668440792,0.0,1.2989478548895037,0.0,0.9601028089400182,0.0,""
"2023-02-16 15:47:21","git-master-aef83eb1482ea9360065ac8d8913aaf18edd4ce8","sub-ubc02/anat/sub-ubc02_T2w_seg.nii.gz","752","7","",55.21387617528306,0.0,-2.2644327219828835,0.0,19.17672105853723,0.0,6.20370230314061,0.0,11.746185756487105,0.0,0.8489272453801896,0.0,2.026158569280958,0.0,0.9493767904620618,0.0,""
"2023-02-16 15:47:21","git-master-aef83eb1482ea9360065ac8d8913aaf18edd4ce8","sub-ubc02/anat/sub-ubc02_T2w_seg.nii.gz","753","7","",55.49186555604458,0.0,-2.2128524359772017,0.0,19.10916125513232,0.0,6.131393846605311,0.0,11.919835564302586,0.0,0.8574583006644108,0.0,2.396561027068671,0.0,0.9446757597494704,0.0,""
"2023-02-16 15:47:21","git-master-aef83eb1482ea9360065ac8d8913aaf18edd4ce8","sub-ubc02/anat/sub-ubc02_T2w_seg.nii.gz","754","7","",55.0189503882124,0.0,-2.1615206453358824,0.0,19.040052817635722,0.0,5.980300423136208,0.0,11.950364608698047,0.0,0.8657392326967427,0.0,2.410155228252643,0.0,0.945999716802244,0.0,""
"2023-02-16 15:47:21","git-master-aef83eb1482ea9360065ac8d8913aaf18edd4ce8","sub-ubc02/anat/sub-ubc02_T2w_seg.nii.gz","755","7","",55.53473260951065,0.0,-2.110611632118445,0.0,18.969145198530743,0.0,6.047983285468348,0.0,11.96535585353521,0.0,0.8628178168223113,0.0,3.329468332568211,0.0,0.9386239010553824,0.0,""
"2023-02-16 15:47:21","git-master-aef83eb1482ea9360065ac8d8913aaf18edd4ce8","sub-ubc02/anat/sub-ubc02_T2w_seg.nii.gz","756","7","",56.16587270128614,0.0,-2.0598767797165336,0.0,18.897693922877355,0.0,6.13070127444907,0.0,11.954920818192447,0.0,0.8584897086920771,0.0,4.105257720568086,0.0,0.9321508931905458,0.0,""
"2023-02-16 15:47:21","git-master-aef83eb1482ea9360065ac8d8913aaf18edd4ce8","sub-ubc02/anat/sub-ubc02_T2w_seg.nii.gz","757","7","",56.56054023558447,0.0,-2.009540139453984,0.0,18.825338031577413,0.0,6.119129450635003,0.0,11.853748520641721,0.0,0.8564423712375236,0.0,3.6676212528593832,0.0,0.9354301329476694,0.0,""
"2023-02-16 15:47:21","git-master-aef83eb1482ea9360065ac8d8913aaf18edd4ce8","sub-ubc02/anat/sub-ubc02_T2w_seg.nii.gz","758","7","",56.150140892439566,0.0,-1.9594774712067344,0.0,18.752358023978807,0.0,5.998915709598178,0.0,11.891215575573844,0.0,0.8630503501201453,0.0,2.6454430987109925,0.0,0.9415661161296307,0.0,""
"2023-02-16 15:47:21","git-master-aef83eb1482ea9360065ac8d8913aaf18edd4ce8","sub-ubc02/anat/sub-ubc02_T2w_seg.nii.gz","759","7","",55.08105046775021,0.0,-1.909638961881094,0.0,18.678867375772207,0.0,5.789813127197276,0.0,12.042114827991933,0.0,0.8767399514604557,0.0,1.1450035647483117,0.0,0.9500394348410045,0.0,""
"2023-02-16 15:47:21","git-master-aef83eb1482ea9360065ac8d8913aaf18edd4ce8","sub-ubc02/anat/sub-ubc02_T2w_seg.nii.gz","760","7","",54.010384283893,0.0,-1.8602490870666433,0.0,18.604351837968405,0.0,5.6341992516738575,0.0,12.07691653950977,0.0,0.8844132579073749,0.0,2.1880573649912347,0.0,0.9417006309866236,0.0,""
"2023-02-16 15:47:21","git-master-aef83eb1482ea9360065ac8d8913aaf18edd4ce8","sub-ubc02/anat/sub-ubc02_T2w_seg.nii.gz","761","7","",52.93910094705388,0.0,-1.8110337657886664,0.0,18.529436724664073,0.0,5.520676619659109,0.0,12.048379490440116,0.0,0.8888163055682188,0.0,3.198709049581104,0.0,0.9402975063810074,0.0,""
"2023-02-16 15:47:21","git-master-aef83eb1482ea9360065ac8d8913aaf18edd4ce8","sub-ubc02/anat/sub-ubc02_T2w_seg.nii.gz","762","7","",51.86649140432497,0.0,-1.7621925602830484,0.0,18.453664514723883,0.0,5.515598149211211,0.0,11.86852533990806,0.0,0.8854140085019666,0.0,3.264323275809965,0.0,0.9653054603769369,0.0,""
"2023-02-16 15:47:21","git-master-aef83eb1482ea9360065ac8d8913aaf18edd4ce8","sub-ubc02/anat/sub-ubc02_T2w_seg.nii.gz","763","7","",53.2154789235015,0.0,-1.7136508423471448,0.0,18.37720419913456,0.0,5.628468714617546,0.0,11.975874087608508,0.0,0.8827022309594158,0.0,3.499716035219988,0.0,0.9643860280170846,0.0,""
"2023-02-16 15:47:21","git-master-aef83eb1482ea9360065ac8d8913aaf18edd4ce8","sub-ubc02/anat/sub-ubc02_T2w_seg.nii.gz","764","7","",56.17886448394833,0.0,-1.6653087827910507,0.0,18.300285146445813,0.0,5.81997197059337,0.0,12.274691434130624,0.0,0.8804507997659994,0.0,3.848294483417452,0.0,0.9461816714200445,0.0,""
"2023-02-16 15:47:21","git-master-aef83eb1482ea9360065ac8d8913aaf18edd4ce8","sub-ubc02/anat/sub-ubc02_T2w_seg.nii.gz","765","7","",52.864829317102696,0.0,-1.6174412081841052,0.0,18.22227273323522,0.0,5.506542884945203,0.0,12.300015088692508,0.0,0.893815308335705,0.0,3.1152499074797118,0.0,0.9520301596865737,0.0,""
"2023-02-16 15:47:21","git-master-aef83eb1482ea9360065ac8d8913aaf18edd4ce8","sub-ubc02/anat/sub-ubc02_T2w_seg.nii.gz","766","7","",50.70055683440063,0.0,-1.5697485335676389,0.0,18.143856279974518,0.0,5.294812663738447,0.0,12.352198808048248,0.0,0.9034725105383087,0.0,2.2094765534809557,0.0,0.9517924226962374,0.0,""
"2023-02-16 15:47:21","git-master-aef83eb1482ea9360065ac8d8913aaf18edd4ce8","sub-ubc02/anat/sub-ubc02_T2w_seg.nii.gz","767","7","",51.98997526542029,0.0,-1.522405688847482,0.0,18.064631338941698,0.0,5.382389027831256,0.0,12.500642956549685,0.0,0.902561584229221,0.0,1.033500281707302,0.0,0.9343996352987423,0.0,""
"2023-02-16 15:47:21","git-master-aef83eb1482ea9360065ac8d8913aaf18edd4ce8","sub-ubc02/anat/sub-ubc02_T2w_seg.nii.gz","768","7","",54.2290228962457,0.0,-1.4753878725309315,0.0,17.984653001977318,0.0,5.586289669579956,0.0,12.639560567318274,0.0,0.8969652836500561,0.0,1.80904545736289,0.0,0.9307072390900526,0.0,""
"2023-02-16 15:47:21","git-master-aef83eb1482ea9360065ac8d8913aaf18edd4ce8","sub-ubc02/anat/sub-ubc02_T2w_seg.nii.gz","769","7","",56.97940932696652,0.0,-1.4285450715086305,0.0,17.904268990280556,0.0,5.852826460835672,0.0,12.773348503923021,0.0,0.8888460892331574,0.0,3.6354098739419056,0.0,0.934391976598412,0.0,""
"2023-02-16 15:47:21","git-master-aef83eb1482ea9360065ac8d8913aaf18edd4ce8","sub-ubc02/anat/sub-ubc02_T2w_seg.nii.gz","770","6","",56.372269571062915,0.0,-1.352079974911656,0.0,17.769716143947786,0.0,5.77306858673568,0.0,12.688449175084873,0.0,0.8904986372999442,0.0,3.3508972265551016,0.0,0.98,0.0,""
"2023-02-16 15:47:21","git-master-aef83eb1482ea9360065ac8d8913aaf18edd4ce8","sub-ubc02/anat/sub-ubc02_T2w_seg.nii.gz","771","6","",56.69575025104139,0.0,-1.3016538828297473,0.0,17.67873024735127,0.0,5.749324317506225,0.0,12.779993744199476,0.0,0.8930762843806902,0.0,3.331739566680366,0.0,0.9730434782608696,0.0,""
"2023-02-16 15:47:21","git-master-aef83eb1482ea9360065ac8d8913aaf18edd4ce8","sub-ubc02/anat/sub-ubc02_T2w_seg.nii.gz","772","6","",59.416875868653264,0.0,-1.2515032483206319,0.0,17.5871000917093,0.0,5.9161859603211155,0.0,12.937875040774081,0.0,0.8892753007206747,0.0,2.8989144871422994,0.0,0.9642980955070802,0.0,""
"2023-02-16 15:47:21","git-master-aef83eb1482ea9360065ac8d8913aaf18edd4ce8","sub-ubc02/anat/sub-ubc02_T2w_seg.nii.gz","773","6","",64.53564642389854,0.0,-1.2016280713843095,0.0,17.494825677021872,0.0,6.2736535151803485,0.0,13.162093064808685,0.0,0.8790956863198975,0.0,2.0524219879409022,0.0,0.953763851738632,0.0,""
"2023-02-16 15:47:21","git-master-aef83eb1482ea9360065ac8d8913aaf18edd4ce8","sub-ubc02/anat/sub-ubc02_T2w_seg.nii.gz","774","6","",64.97945146976072,0.0,-1.1523040733032592,0.0,17.401258223274038,0.0,6.388833854020614,0.0,12.986587679835388,0.0,0.870471562162379,0.0,1.5391306320268758,0.0,0.9505357371856734,0.0,""
"2023-02-16 15:47:21","git-master-aef83eb1482ea9360065ac8d8913aaf18edd4ce8","sub-ubc02/anat/sub-ubc02_T2w_seg.nii.gz","775","6","",65.22035304938258,0.0,-1.103255790430247,0.0,17.30704198998055,0.0,6.457015165773446,0.0,12.887280355512772,0.0,0.8654217058434213,0.0,0.9406988579411653,0.0,0.9613582245814769,0.0,""
"2023-02-16 15:47:21","git-master-aef83eb1482ea9360065ac8d8913aaf18edd4ce8","sub-ubc02/anat/sub-ubc02_T2w_seg.nii.gz","776","6","",65.25835116276414,0.0,-1.054483222765273,0.0,17.21217697714141,0.0,6.478197450438844,0.0,12.864171091840836,0.0,0.8639461173630242,0.0,0.2571266656837699,0.0,0.9862313139260425,0.0,""
"2023-02-16 15:47:21","git-master-aef83eb1482ea9360065ac8d8913aaf18edd4ce8","sub-ubc02/anat/sub-ubc02_T2w_seg.nii.gz","777","6","",65.29641768696084,0.0,-1.0062623252299676,0.0,17.116009889060013,0.0,6.457522891785522,0.0,12.774820580716586,0.0,0.8628282545211206,0.0,0.4194674864669585,0.0,0.9698389540543866,0.0,""
"2023-02-16 15:47:21","git-master-aef83eb1482ea9360065ac8d8913aaf18edd4ce8","sub-ubc02/anat/sub-ubc02_T2w_seg.nii.gz","778","6","",65.53816678596426,0.0,-0.9583173768421801,0.0,17.019189508734744,0.0,6.452379299121274,0.0,12.797889754107809,0.0,0.8635797457266311,0.0,0.3751173290950779,0.0,0.9560411387650871,0.0,""
"2023-02-16 15:47:21","git-master-aef83eb1482ea9360065ac8d8913aaf18edd4ce8","sub-ubc02/anat/sub-ubc02_T2w_seg.nii.gz","779","6","",65.98359845977441,0.0,-0.9106483776019104,0.0,16.9217158361656,0.0,6.462766672446102,0.0,12.933378612014502,0.0,0.8662005909795556,0.0,0.12407619356812809,0.0,0.9448378680581438,0.0,""
"2023-02-16 15:47:21","git-master-aef83eb1482ea9360065ac8d8913aaf18edd4ce8","sub-ubc02/anat/sub-ubc02_T2w_seg.nii.gz","780","6","",62.760826603748015,0.0,-0.8635314935700944,0.0,16.82293107987988,0.0,6.246178791826939,0.0,12.758424441266211,0.0,0.8719624446427424,0.0,2.814636413063788,0.0,0.9634007021562466,0.0,""
"2023-02-16 15:47:21","git-master-aef83eb1482ea9360065ac8d8913aaf18edd4ce8","sub-ubc02/anat/sub-ubc02_T2w_seg.nii.gz","781","6","",60.55526775311814,0.0,-0.8166907701199928,0.0,16.723488538728837,0.0,6.131592319135451,0.0,12.588688517150967,0.0,0.8733315451642554,0.0,2.9422734995966735,0.0,0.9643094117025136,0.0,""
"2023-02-16 15:47:21","git-master-aef83eb1482ea9360065ac8d8913aaf18edd4ce8","sub-ubc02/anat/sub-ubc02_T2w_seg.nii.gz","782","6","",59.36692190788479,0.0,-0.7701262072516059,0.0,16.623388212712474,0.0,6.119007254371638,0.0,12.424170839668767,0.0,0.8703078925440945,0.0,0.5069874531667853,0.0,0.9475639966969447,0.0,""
"2023-02-16 15:47:21","git-master-aef83eb1482ea9360065ac8d8913aaf18edd4ce8","sub-ubc02/anat/sub-ubc02_T2w_seg.nii.gz","783","6","",58.403080739005176,0.0,-0.724114160833877,0.0,16.521967847452544,0.0,6.228049529393261,0.0,12.036069685396543,0.0,0.855212664623803,0.0,0.30158221041940236,0.0,0.9600908949807533,0.0,""
"2023-02-16 15:47:21","git-master-aef83eb1482ea9360065ac8d8913aaf18edd4ce8","sub-ubc02/anat/sub-ubc02_T2w_seg.nii.gz","784","6","",61.64651859317309,0.0,-0.6783784650951401,0.0,16.419885237752933,0.0,6.492212673544519,0.0,12.183083384582007,0.0,0.8462566944277737,0.0,1.3514714223453508,0.0,0.9652857225576215,0.0,""
"2023-02-16 15:47:21","git-master-aef83eb1482ea9360065ac8d8913aaf18edd4ce8","sub-ubc02/anat/sub-ubc02_T2w_seg.nii.gz","785","6","",69.09723547038854,0.0,-0.632919120035395,0.0,16.317140383613634,0.0,6.91149668682541,0.0,12.865211937225158,0.0,0.8434399819560069,0.0,3.6566550889446305,0.0,0.9631484794275492,0.0,""
"2023-02-16 15:47:21","git-master-aef83eb1482ea9360065ac8d8913aaf18edd4ce8","sub-ubc02/anat/sub-ubc02_T2w_seg.nii.gz","786","6","",60.441207735367975,0.0,-0.5880126511460028,0.0,16.213066614302928,0.0,6.31400879917946,0.0,12.375800590993448,0.0,0.8600836218253074,0.0,1.9960286150147735,0.0,0.9511114617258858,0.0,""
"2023-02-16 15:47:21","git-master-aef83eb1482ea9360065ac8d8913aaf18edd4ce8","sub-ubc02/anat/sub-ubc02_T2w_seg.nii.gz","787","6","",56.65296706453023,0.0,-0.5433827028415015,0.0,16.10832618771173,0.0,6.070444264362658,0.0,12.08678808076369,0.0,0.8646379709437636,0.0,2.6949455402326437,0.0,0.9500449255497093,0.0,""
"2023-02-16 15:47:21","git-master-aef83eb1482ea9360065ac8d8913aaf18edd4ce8","sub-ubc02/anat/sub-ubc02_T2w_seg.nii.gz","788","6","",57.732513457875314,0.0,-0.4990292751218911,0.0,16.00291910384003,0.0,6.180803082375006,0.0,11.998174406535883,0.0,0.8571030293113755,0.0,5.753405864598241,0.0,0.95994887089902,0.0,""
"2023-02-16 15:47:21","git-master-aef83eb1482ea9360065ac8d8913aaf18edd4ce8","sub-ubc02/anat/sub-ubc02_T2w_seg.nii.gz","789","6","",61.04458692838917,0.0,-0.4552290440375905,0.0,15.896174336571962,0.0,6.2405954835394235,0.0,12.501331152166893,0.0,0.8662142491223949,0.0,5.417008330062538,0.0,0.9657501527335358,0.0,""
"2023-02-16 15:47:21","git-master-aef83eb1482ea9360065ac8d8913aaf18edd4ce8","sub-ubc02/anat/sub-ubc02_T2w_seg.nii.gz","790","6","",62.92392997044622,0.0,-0.41170548437477533,0.0,15.788758560338053,0.0,6.164782744085476,0.0,13.016043957747296,0.0,0.8799091839211031,0.0,4.935178228359644,0.0,0.9659531187419633,0.0,""
"2023-02-16 15:47:21","git-master-aef83eb1482ea9360065ac8d8913aaf18edd4ce8","sub-ubc02/anat/sub-ubc02_T2w_seg.nii.gz","791","6","",63.37054258404646,0.0,-0.36845859613344545,0.0,15.680671775138299,0.0,5.953364864013164,0.0,13.542312823277095,0.0,0.8981878337075002,0.0,4.307915559489556,0.0,0.9605577689243028,0.0,""
"2023-02-16 15:47:21","git-master-aef83eb1482ea9360065ac8d8913aaf18edd4ce8","sub-ubc02/anat/sub-ubc02_T2w_seg.nii.gz","792","6","",65.45992518140667,0.0,-0.3257651879578701,0.0,15.57123867561269,0.0,5.985207677102724,0.0,13.904653174385288,0.0,0.9025321227057559,0.0,5.0239383962539135,0.0,0.9617670708272952,0.0,""
"2023-02-16 15:47:21","git-master-aef83eb1482ea9360065ac8d8913aaf18edd4ce8","sub-ubc02/anat/sub-ubc02_T2w_seg.nii.gz","793","6","",66.52387104680653,0.0,-0.28334858406908237,0.0,15.461130291766217,0.0,6.0459192705370945,0.0,13.995537082670323,0.0,0.901792016173781,0.0,5.4537913938458615,0.0,0.965444784216164,0.0,""
"2023-02-16 15:47:21","git-master-aef83eb1482ea9360065ac8d8913aaf18edd4ce8","sub-ubc02/anat/sub-ubc02_T2w_seg.nii.gz","794","6","",66.56238018024602,0.0,-0.2412087844670822,0.0,15.350346623598881,0.0,6.135499644316274,0.0,13.814964548132199,0.0,0.8959675141115756,0.0,5.597474552265401,0.0,0.9715909090909091,0.0,""
"2023-02-16 15:47:21","git-master-aef83eb1482ea9360065ac8d8913aaf18edd4ce8","sub-ubc02/anat/sub-ubc02_T2w_seg.nii.gz","795","6","",66.18959577489791,0.0,-0.1996227134983218,0.0,15.238208178586381,0.0,6.179321075526895,0.0,13.655617516002598,0.0,0.8917087439076278,0.0,4.839574678019144,0.0,0.9654923667632317,0.0,""
"2023-02-16 15:47:21","git-master-aef83eb1482ea9360065ac8d8913aaf18edd4ce8","sub-ubc02/anat/sub-ubc02_T2w_seg.nii.gz","796","6","",67.28377129598535,0.0,-0.15831356278376926,0.0,15.125390266171737,0.0,6.40401569734396,0.0,13.521124783959651,0.0,0.8802225573711384,0.0,3.8568445224801273,0.0,0.9530667506983751,0.0,""
"2023-02-16 15:47:21","git-master-aef83eb1482ea9360065ac8d8913aaf18edd4ce8","sub-ubc02/anat/sub-ubc02_T2w_seg.nii.gz","797","6","",69.84490674350833,0.0,-0.11728133232342458,0.0,15.011892886354948,0.0,6.809583509767469,0.0,13.411486352003362,0.0,0.8615089545021075,0.0,2.6492840856483517,0.0,0.9343140608963394,0.0,""
"2023-02-16 15:47:21","git-master-aef83eb1482ea9360065ac8d8913aaf18edd4ce8","sub-ubc02/anat/sub-ubc02_T2w_seg.nii.gz","798","6","",68.00457443853702,0.0,-0.07680304632268553,0.0,14.897032468249428,0.0,6.628027195492273,0.0,13.520350064521038,0.0,0.8714403825489855,0.0,1.7907637064565392,0.0,0.9295859092654232,0.0,""
"2023-02-16 15:47:21","git-master-aef83eb1482ea9360065ac8d8913aaf18edd4ce8","sub-ubc02/anat/sub-ubc02_T2w_seg.nii.gz","799","6","",68.32830821517767,0.0,-0.036601780694006256,0.0,14.781488508659365,0.0,6.653402065710166,0.0,13.555668445808184,0.0,0.8711151879750608,0.0,2.11044137320503,0.0,0.9338892643379022,0.0,""
"2023-02-16 15:47:21","git-master-aef83eb1482ea9360065ac8d8913aaf18edd4ce8","sub-ubc02/anat/sub-ubc02_T2w_seg.nii.gz","800","6","",70.81610807343027,0.0,0.0033224645626132475,0.0,14.66526100758476,0.0,6.885708120421147,0.0,13.5174414958648,0.0,0.8605333707803337,0.0,3.608317085893823,0.0,0.9472241261137766,0.0,""
"2023-02-16 15:47:21","git-master-aef83eb1482ea9360065ac8d8913aaf18edd4ce8","sub-ubc02/anat/sub-ubc02_T2w_seg.nii.gz","801","5","",68.70644598982223,0.0,0.06237763802347566,0.0,14.488863159348394,0.0,6.676640690895454,0.0,13.505723016635399,0.0,0.8692594542288837,0.0,4.2019128537744015,0.0,0.9365580091132142,0.0,""
"2023-02-16 15:47:21","git-master-aef83eb1482ea9360065ac8d8913aaf18edd4ce8","sub-ubc02/anat/sub-ubc02_T2w_seg.nii.gz","802","5","",68.33831445189382,0.0,0.10058704383291073,0.0,14.371748577374706,0.0,6.82478193033601,0.0,13.135191098934998,0.0,0.8539186711197667,0.0,1.7281824304438116,0.0,0.9438381046251378,0.0,""
"2023-02-16 15:47:21","git-master-aef83eb1482ea9360065ac8d8913aaf18edd4ce8","sub-ubc02/anat/sub-ubc02_T2w_seg.nii.gz","803","5","",67.194752563951,0.0,0.1385366280225424,0.0,14.253987673809583,0.0,6.88658740191964,0.0,12.767280964454146,0.0,0.8418633584582377,0.0,0.7933945324936926,0.0,0.934383627196616,0.0,""
"2023-02-16 15:47:21","git-master-aef83eb1482ea9360065ac8d8913aaf18edd4ce8","sub-ubc02/anat/sub-ubc02_T2w_seg.nii.gz","804","5","",65.1982172909923,0.0,0.17620040843039037,0.0,14.13551581649388,0.0,6.853423528860654,0.0,12.402254791514798,0.0,0.8334220632890554,0.0,1.5514434124620908,0.0,0.9065211195336044,0.0,""
"2023-02-16 15:47:21","git-master-aef83eb1482ea9360065ac8d8913aaf18edd4ce8","sub-ubc02/anat/sub-ubc02_T2w_seg.nii.gz","805","5","",67.85242056566418,0.0,0.21334448173037165,0.0,14.015747787083669,0.0,6.974778624464945,0.0,12.663229400957508,0.0,0.8346200282996507,0.0,0.9387059958100652,0.0,0.9238436137809971,0.0,""
"2023-02-16 15:47:21","git-master-aef83eb1482ea9360065ac8d8913aaf18edd4ce8","sub-ubc02/anat/sub-ubc02_T2w_seg.nii.gz","806","5","",69.69308384134521,0.0,0.25022867544789296,0.0,13.895330118189287,0.0,7.048827825961625,0.0,12.838524989621076,0.0,0.835797502403131,0.0,0.8265152644380498,0.0,0.935131723595689,0.0,""
"2023-02-16 15:47:21","git-master-aef83eb1482ea9360065ac8d8913aaf18edd4ce8","sub-ubc02/anat/sub-ubc02_T2w_seg.nii.gz","807","5","",70.13897788186314,0.0,0.28680101019599197,0.0,13.774132674788978,0.0,7.049501237403937,0.0,12.857848498420314,0.0,0.8363050379518062,0.0,1.473105866547408,0.0,0.9353616540394195,0.0,""
"2023-02-16 15:47:21","git-master-aef83eb1482ea9360065ac8d8913aaf18edd4ce8","sub-ubc02/anat/sub-ubc02_T2w_seg.nii.gz","808","5","",70.21625593124625,0.0,0.3228795188074734,0.0,13.651697386322635,0.0,6.903338316872364,0.0,13.15306551741964,0.0,0.8506855117036828,0.0,2.3829430360432142,0.0,0.9368834073267883,0.0,""
"2023-02-16 15:47:21","git-master-aef83eb1482ea9360065ac8d8913aaf18edd4ce8","sub-ubc02/anat/sub-ubc02_T2w_seg.nii.gz","809","5","",70.5657133750469,0.0,0.35869810034510213,0.0,13.528609286668727,0.0,6.833088368736797,0.0,13.367256180915787,0.0,0.8594693400459675,0.0,3.0584571808164056,0.0,0.9390449465099328,0.0,""
"2023-02-16 15:47:21","git-master-aef83eb1482ea9360065ac8d8913aaf18edd4ce8","sub-ubc02/anat/sub-ubc02_T2w_seg.nii.gz","810","5","",71.42051507010171,0.0,0.3941787706479311,0.0,13.404672105491066,0.0,6.911313741740273,0.0,13.402586705763992,0.0,0.8567856170102757,0.0,3.3081673923097723,0.0,0.9420251680767747,0.0,""
"2023-02-16 15:47:21","git-master-aef83eb1482ea9360065ac8d8913aaf18edd4ce8","sub-ubc02/anat/sub-ubc02_T2w_seg.nii.gz","811","5","",70.31607599609865,0.0,0.42919152688072487,0.0,13.279556398839151,0.0,6.9493364882150805,0.0,13.150335124468928,0.0,0.8487492722393721,0.0,1.731026280788579,0.0,0.9365753655408572,0.0,""
"2023-02-16 15:47:21","git-master-aef83eb1482ea9360065ac8d8913aaf18edd4ce8","sub-ubc02/anat/sub-ubc02_T2w_seg.nii.gz","812","5","",70.3180293271109,0.0,0.46394431827713106,0.0,13.153784871652897,0.0,7.055629086996251,0.0,12.967675785453615,0.0,0.8389388031460635,0.0,0.5039845873090975,0.0,0.9312795023274967,0.0,""
"2023-02-16 15:47:21","git-master-aef83eb1482ea9360065ac8d8913aaf18edd4ce8","sub-ubc02/anat/sub-ubc02_T2w_seg.nii.gz","813","5","",73.18584772450646,0.0,0.4983331513574405,0.0,13.027094545222713,0.0,7.3118622658996975,0.0,13.020061633045565,0.0,0.8273642926530153,0.0,0.586092170917887,0.0,0.9291015257935031,0.0,""
"2023-02-16 15:47:21","git-master-aef83eb1482ea9360065ac8d8913aaf18edd4ce8","sub-ubc02/anat/sub-ubc02_T2w_seg.nii.gz","814","5","",73.98771868558403,0.0,0.5322800087169626,0.0,12.899285986783669,0.0,7.327970228318759,0.0,13.119579741663546,0.0,0.8294131756059899,0.0,1.2022857569716736,0.0,0.9275294357915366,0.0,""
"2023-02-16 15:47:21","git-master-aef83eb1482ea9360065ac8d8913aaf18edd4ce8","sub-ubc02/anat/sub-ubc02_T2w_seg.nii.gz","815","5","",73.28828946957498,0.0,0.5659668724842897,0.0,12.770818777583646,0.0,7.212725569317819,0.0,13.158870192562492,0.0,0.8363481583684119,0.0,1.7803468301896812,0.0,0.9293631436001462,0.0,""
"2023-02-16 15:47:21","git-master-aef83eb1482ea9360065ac8d8913aaf18edd4ce8","sub-ubc02/anat/sub-ubc02_T2w_seg.nii.gz","816","5","",70.05087300868342,0.0,0.5992637379892392,0.0,12.641362725015801,0.0,6.9103494841106325,0.0,13.01986663973677,0.0,0.8474846298038504,0.0,1.948908384585894,0.0,0.9393549420928272,0.0,""
"2023-02-16 15:47:21","git-master-aef83eb1482ea9360065ac8d8913aaf18edd4ce8","sub-ubc02/anat/sub-ubc02_T2w_seg.nii.gz","817","5","",68.05852917332442,0.0,0.6321445879772639,0.0,12.51084968250115,0.0,6.7615652627186735,0.0,12.849753463921418,0.0,0.8503621082311239,0.0,1.1437220020441823,0.0,0.9429770626100902,0.0,""
"2023-02-16 15:47:21","git-master-aef83eb1482ea9360065ac8d8913aaf18edd4ce8","sub-ubc02/anat/sub-ubc02_T2w_seg.nii.gz","818","5","",67.04065342397053,0.0,0.6647654239223256,0.0,12.379675355470546,0.0,6.745918378156731,0.0,12.661963911161566,0.0,0.8459337901420165,0.0,0.569303987067522,0.0,0.9408741830593759,0.0,""
"2023-02-16 15:47:21","git-master-aef83eb1482ea9360065ac8d8913aaf18edd4ce8","sub-ubc02/anat/sub-ubc02_T2w_seg.nii.gz","819","5","",67.89600292430039,0.0,0.6969702304468305,0.0,12.247441907935698,0.0,7.0027191076356115,0.0,12.448719575168951,0.0,0.8263859162086561,0.0,1.7070926852369215,0.0,0.926820981266553,0.0,""
"2023-02-16 15:47:21","git-master-aef83eb1482ea9360065ac8d8913aaf18edd4ce8","sub-ubc02/anat/sub-ubc02_T2w_seg.nii.gz","820","5","",70.51166632718865,0.0,0.728784999457029,0.0,12.11421362885764,0.0,7.195662902436554,0.0,12.51734939012238,0.0,0.8182716478842571,0.0,3.4796518341811185,0.0,0.9338143373902833,0.0,""
"2023-02-16 15:47:21","git-master-aef83eb1482ea9360065ac8d8913aaf18edd4ce8","sub-ubc02/anat/sub-ubc02_T2w_seg.nii.gz","821","5","",73.12798649081373,0.0,0.7603397415974383,0.0,11.980321645907873,0.0,7.317522761665806,0.0,12.687950173761799,0.0,0.8168863335732872,0.0,4.857497219591475,0.0,0.9454083705582932,0.0,""
"2023-02-16 15:47:21","git-master-aef83eb1482ea9360065ac8d8913aaf18edd4ce8","sub-ubc02/anat/sub-ubc02_T2w_seg.nii.gz","822","5","",72.75456425322108,0.0,0.791452433315564,0.0,11.845300135126825,0.0,7.245832683667858,0.0,12.812741517708398,0.0,0.8246619442841566,0.0,3.478699343665851,0.0,0.9407761327063512,0.0,""
"2023-02-16 15:47:21","git-master-aef83eb1482ea9360065ac8d8913aaf18edd4ce8","sub-ubc02/anat/sub-ubc02_T2w_seg.nii.gz","823","5","",72.92876847607499,0.0,0.822201079624504,0.0,11.709346827924122,0.0,7.139835207313147,0.0,13.058376803785345,0.0,0.836855533815773,0.0,2.8044344314375267,0.0,0.9342916625427137,0.0,""
"2023-02-16 15:47:21","git-master-aef83eb1482ea9360065ac8d8913aaf18edd4ce8","sub-ubc02/anat/sub-ubc02_T2w_seg.nii.gz","824","5","",73.50955864448316,0.0,0.8526896932003911,0.0,11.572727630380808,0.0,7.063757883270857,0.0,13.31695085441505,0.0,0.8476773884463005,0.0,2.7298285083810585,0.0,0.9295538645938012,0.0,""
"2023-02-16 15:47:21","git-master-aef83eb1482ea9360065ac8d8913aaf18edd4ce8","sub-ubc02/anat/sub-ubc02_T2w_seg.nii.gz","825","5","",74.88698510487738,0.0,0.88271024660552,0.0,11.434908480058787,0.0,7.270123668173383,0.0,13.290625665970262,0.0,0.8370148972080546,0.0,4.139577629263807,0.0,0.940852796868326,0.0,""
"2023-02-16 15:47:21","git-master-aef83eb1482ea9360065ac8d8913aaf18edd4ce8","sub-ubc02/anat/sub-ubc02_T2w_seg.nii.gz","826","5","",76.20204623893017,0.0,0.9123927574597019,0.0,11.296221397776248,0.0,7.377015707210912,0.0,13.388665423558393,0.0,0.8344873554829939,0.0,4.382591720456571,0.0,0.9374179750427216,0.0,""
"2023-02-16 15:47:21","git-master-aef83eb1482ea9360065ac8d8913aaf18edd4ce8","sub-ubc02/anat/sub-ubc02_T2w_seg.nii.gz","827","5","",77.23251632696308,0.0,0.9418152360415815,0.0,11.156866490598448,0.0,7.411415173436366,0.0,13.530848362420342,0.0,0.8366457480733335,0.0,3.9814094013870367,0.0,0.9263935076713778,0.0,""
"2023-02-16 15:47:21","git-master-aef83eb1482ea9360065ac8d8913aaf18edd4ce8","sub-ubc02/anat/sub-ubc02_T2w_seg.nii.gz","828","5","",75.92396877026475,0.0,0.9707436567959689,0.0,11.01624131068482,0.0,7.338674019927088,0.0,13.365334915806502,0.0,0.8357623502751987,0.0,4.281273666090153,0.0,0.9294032008162648,0.0,""
"2023-02-16 15:47:21","git-master-aef83eb1482ea9360065ac8d8913aaf18edd4ce8","sub-ubc02/anat/sub-ubc02_T2w_seg.nii.gz","829","5","",73.96990920889814,0.0,0.999360045595405,0.0,10.874812837099348,0.0,7.154444716414563,0.0,13.40106521547118,0.0,0.845102573598887,0.0,3.3402724117542597,0.0,0.933465296830888,0.0,""
"2023-02-16 15:47:21","git-master-aef83eb1482ea9360065ac8d8913aaf18edd4ce8","sub-ubc02/anat/sub-ubc02_T2w_seg.nii.gz","830","5","",71.62979589766198,0.0,1.027716408288676,0.0,10.73271487552048,0.0,6.894961132719305,0.0,13.578114744423871,0.0,0.8614735529588617,0.0,1.5661006281392407,0.0,0.938124936632525,0.0,""
"2023-02-16 15:47:21","git-master-aef83eb1482ea9360065ac8d8913aaf18edd4ce8","sub-ubc02/anat/sub-ubc02_T2w_seg.nii.gz","831","5","",71.25128765905816,0.0,1.0555527281829098,0.0,10.58927655915132,0.0,6.802714195418047,0.0,13.562892664959094,0.0,0.8651053362172234,0.0,1.7415010445265733,0.0,0.9389494091284031,0.0,""
"2023-02-16 15:47:21","git-master-aef83eb1482ea9360065ac8d8913aaf18edd4ce8","sub-ubc02/anat/sub-ubc02_T2w_seg.nii.gz","832","5","",70.22312982368804,0.0,1.0830646268977966,0.0,10.445286190787469,0.0,6.704159961050882,0.0,13.456596628402902,0.0,0.867061687893954,0.0,1.438767830052213,0.0,0.9379051674702893,0.0,""
"2023-02-16 15:47:21","git-master-aef83eb1482ea9360065ac8d8913aaf18edd4ce8","sub-ubc02/anat/sub-ubc02_T2w_seg.nii.gz","833","5","",68.60438144580309,0.0,1.1102815972678228,0.0,10.300793956973898,0.0,6.599871820260167,0.0,13.267506085399972,0.0,0.8674949199510202,0.0,0.7013676784308623,0.0,0.9351620947630923,0.0,""
"2023-02-16 15:47:21","git-master-aef83eb1482ea9360065ac8d8913aaf18edd4ce8","sub-ubc02/anat/sub-ubc02_T2w_seg.nii.gz","834","4","",64.8735694939483,0.0,1.1506996195050574,0.0,10.07955123733382,0.0,6.294518054264448,0.0,13.1946397238502,0.0,0.8788756667775177,0.0,0.8077459244717757,0.0,0.9482889733840304,0.0,""
"2023-02-16 15:47:21","git-master-aef83eb1482ea9360065ac8d8913aaf18edd4ce8","sub-ubc02/anat/sub-ubc02_T2w_seg.nii.gz","835","4","",66.00263762951592,0.0,1.1736611441362925,0.0,9.949873912428178,0.0,6.413904324942167,0.0,13.087473086207138,0.0,0.8715422857269493,0.0,0.564047461322294,0.0,0.9633656192193826,0.0,""
"2023-02-16 15:47:21","git-master-aef83eb1482ea9360065ac8d8913aaf18edd4ce8","sub-ubc02/anat/sub-ubc02_T2w_seg.nii.gz","836","4","",66.81663724345574,0.0,1.1964467759424846,0.0,9.820020206080882,0.0,6.484088209784463,0.0,13.088009911747552,0.0,0.8685259897904162,0.0,0.4045763493918247,0.0,0.971788738565372,0.0,""
"2023-02-16 15:47:21","git-master-aef83eb1482ea9360065ac8d8913aaf18edd4ce8","sub-ubc02/anat/sub-ubc02_T2w_seg.nii.gz","837","4","",66.84296555332605,0.0,1.218792675686069,0.0,9.689725546129454,0.0,6.431266130038205,0.0,13.357805395246656,0.0,0.8763024066389717,0.0,0.45567361550888624,0.0,0.9635780416879548,0.0,""
"2023-02-16 15:47:21","git-master-aef83eb1482ea9360065ac8d8913aaf18edd4ce8","sub-ubc02/anat/sub-ubc02_T2w_seg.nii.gz","838","4","",68.13122942184714,0.0,1.2407868081222018,0.0,9.559079171567738,0.0,6.476547157914622,0.0,13.540196505693345,0.0,0.878189599062743,0.0,0.34579059457122563,0.0,0.9504511252320405,0.0,""
"2023-02-16 15:47:21","git-master-aef83eb1482ea9360065ac8d8913aaf18edd4ce8","sub-ubc02/anat/sub-ubc02_T2w_seg.nii.gz","839","4","",70.36594495935631,0.0,1.262517115077746,0.0,9.42816901104831,0.0,6.595405516508046,0.0,13.657034336350723,0.0,0.8756598731679258,0.0,0.11517235834252354,0.0,0.9336370440922535,0.0,""
"2023-02-16 15:47:21","git-master-aef83eb1482ea9360065ac8d8913aaf18edd4ce8","sub-ubc02/anat/sub-ubc02_T2w_seg.nii.gz","840","4","",69.19171742498922,0.0,1.2837198000883154,0.0,9.296732935793719,0.0,6.550186991244674,0.0,13.637635546047171,0.0,0.8770999302246748,0.0,0.20231761177946744,0.0,0.9257699764028877,0.0,""
"2023-02-16 15:47:21","git-master-aef83eb1482ea9360065ac8d8913aaf18edd4ce8","sub-ubc02/anat/sub-ubc02_T2w_seg.nii.gz","841","4","",67.53342089245126,0.0,1.3047466161720385,0.0,9.16512184611489,0.0,6.476376142239963,0.0,13.588268957850705,0.0,0.8791131772628354,0.0,0.30952190535741625,0.0,0.9209916369872844,0.0,""
"2023-02-16 15:47:21","git-master-aef83eb1482ea9360065ac8d8913aaf18edd4ce8","sub-ubc02/anat/sub-ubc02_T2w_seg.nii.gz","842","4","",66.37965344276432,0.0,1.3252458406396588,0.0,9.032986584625787,0.0,6.395088234644007,0.0,13.495332203257654,0.0,0.8805957812378999,0.0,0.21931695011575064,0.0,0.9257986537638333,0.0,""
"2023-02-16 15:47:21","git-master-aef83eb1482ea9360065ac8d8913aaf18edd4ce8","sub-ubc02/anat/sub-ubc02_T2w_seg.nii.gz","843","4","",67.78556288461606,0.0,1.3454812850279125,0.0,8.900590152043367,0.0,6.495446439705225,0.0,13.47781868751676,0.0,0.8760415062301532,0.0,0.15464059739975689,0.0,0.9278395652807685,0.0,""
"2023-02-16 15:47:21","git-master-aef83eb1482ea9360065ac8d8913aaf18edd4ce8","sub-ubc02/anat/sub-ubc02_T2w_seg.nii.gz","844","4","",72.60437484851937,0.0,1.3653650226436773,0.0,8.767845491336526,0.0,6.837999461642678,0.0,13.560869490245405,0.0,0.8634380592453249,0.0,0.12400238138465891,0.0,0.9261923364515522,0.0,""
"2023-02-16 15:47:21","git-master-aef83eb1482ea9360065ac8d8913aaf18edd4ce8","sub-ubc02/anat/sub-ubc02_T2w_seg.nii.gz","845","4","",73.73619329076068,0.0,1.3848091537997527,0.0,8.634667143187242,0.0,7.093425551422229,0.0,13.310407757752866,0.0,0.8451274658880644,0.0,1.42781506720763,0.0,0.9340739896948677,0.0,""
"2023-02-16 15:47:21","git-master-aef83eb1482ea9360065ac8d8913aaf18edd4ce8","sub-ubc02/anat/sub-ubc02_T2w_seg.nii.gz","846","4","",73.39321432433721,0.0,1.4040774423719524,0.0,8.501315320060979,0.0,7.314000868338618,0.0,12.926541011171851,0.0,0.8245340139818311,0.0,3.265408113765826,0.0,0.9457671957671958,0.0,""
"2023-02-16 15:47:21","git-master-aef83eb1482ea9360065ac8d8913aaf18edd4ce8","sub-ubc02/anat/sub-ubc02_T2w_seg.nii.gz","847","4","",71.5720149223824,0.0,1.4227303206146509,0.0,8.367358674614154,0.0,7.114788659262109,0.0,12.848252551152246,0.0,0.8326236847095932,0.0,3.129022915413832,0.0,0.9361673660524236,0.0,""
"2023-02-16 15:47:21","git-master-aef83eb1482ea9360065ac8d8913aaf18edd4ce8","sub-ubc02/anat/sub-ubc02_T2w_seg.nii.gz","848","4","",70.38347044776937,0.0,1.441207378598606,0.0,8.233229921200186,0.0,6.984519496781748,0.0,12.809973240757332,0.0,0.8382803721236466,0.0,3.017877907499065,0.0,0.9337500647872388,0.0,""
"2023-02-16 15:47:21","git-master-aef83eb1482ea9360065ac8d8913aaf18edd4ce8","sub-ubc02/anat/sub-ubc02_T2w_seg.nii.gz","849","4","",70.77656329151075,0.0,1.4592448859357028,0.0,8.098670897868358,0.0,7.026607950791757,0.0,12.871716804424143,0.0,0.837854601253428,0.0,2.969833375677368,0.0,0.9492890846460225,0.0,""
"2023-02-16 15:47:21","git-master-aef83eb1482ea9360065ac8d8913aaf18edd4ce8","sub-ubc02/anat/sub-ubc02_T2w_seg.nii.gz","850","4","",70.95828848969172,0.0,1.4769307755805128,0.0,7.963769115619393,0.0,6.998071137942636,0.0,12.91875708115472,0.0,0.8405304980509142,0.0,3.0553395413836064,0.0,0.9574637187771654,0.0,""
"2023-02-16 15:47:21","git-master-aef83eb1482ea9360065ac8d8913aaf18edd4ce8","sub-ubc02/anat/sub-ubc02_T2w_seg.nii.gz","851","4","",70.98148795370238,0.0,1.4943529519561072,0.0,7.828610264182575,0.0,6.916565374949171,0.0,12.954769892683121,0.0,0.8455326455991788,0.0,3.241008730235797,0.0,0.9601150636125778,0.0,""
"2023-02-16 15:47:21","git-master-aef83eb1482ea9360065ac8d8913aaf18edd4ce8","sub-ubc02/anat/sub-ubc02_T2w_seg.nii.gz","852","4","",71.00416689392597,0.0,1.5112477363198122,0.0,7.692939551029331,0.0,6.973403884570281,0.0,12.863299002411937,0.0,0.8401837063207764,0.0,3.0957009630851333,0.0,0.9548732604693675,0.0,""
"2023-02-16 15:47:21","git-master-aef83eb1482ea9360065ac8d8913aaf18edd4ce8","sub-ubc02/anat/sub-ubc02_T2w_seg.nii.gz","853","4","",71.1852901198019,0.0,1.527966729123478,0.0,7.557098612071351,0.0,7.064433288142575,0.0,12.767843651504421,0.0,0.8329557959575329,0.0,2.866921239456578,0.0,0.9478893494620103,0.0,""
"2023-02-16 15:47:21","git-master-aef83eb1482ea9360065ac8d8913aaf18edd4ce8","sub-ubc02/anat/sub-ubc02_T2w_seg.nii.gz","854","4","",72.31759958337894,0.0,1.5441583645787984,0.0,7.420748180001392,0.0,7.222263782807383,0.0,12.7759652385785,0.0,0.8248051459119093,0.0,2.4682867329635254,0.0,0.9383459392483944,0.0,""
"2023-02-16 15:47:21","git-master-aef83eb1482ea9360065ac8d8913aaf18edd4ce8","sub-ubc02/anat/sub-ubc02_T2w_seg.nii.gz","855","4","",72.4979303005035,0.0,1.5600863386870463,0.0,7.284144232042129,0.0,7.356788557952249,0.0,12.647040811613627,0.0,0.8129036454985047,0.0,1.7383787102511534,0.0,0.9332386833682909,0.0,""
"2023-02-16 15:47:21","git-master-aef83eb1482ea9360065ac8d8913aaf18edd4ce8","sub-ubc02/anat/sub-ubc02_T2w_seg.nii.gz","856","4","",71.4089560223581,0.0,1.5756627643325305,0.0,7.147202262897126,0.0,7.460239040403858,0.0,12.335388365930148,0.0,0.7960010112613923,0.0,0.5667726659130259,0.0,0.9340462999328704,0.0,""
"2023-02-16 15:47:21","git-master-aef83eb1482ea9360065ac8d8913aaf18edd4ce8","sub-ubc02/anat/sub-ubc02_T2w_seg.nii.gz","857","4","",71.11262707920628,0.0,1.5907997831528196,0.0,7.00983989628412,0.0,7.404681399856019,0.0,12.307546883527941,0.0,0.7985838039301902,0.0,0.5417873063123326,0.0,0.9301430674095283,0.0,""
"2023-02-16 15:47:21","git-master-aef83eb1482ea9360065ac8d8913aaf18edd4ce8","sub-ubc02/anat/sub-ubc02_T2w_seg.nii.gz","858","4","",71.13335627005188,0.0,1.6057610392430306,0.0,6.8723093706839125,0.0,7.285520510108401,0.0,12.39322978643824,0.0,0.8089607673613521,0.0,0.9754502206066105,0.0,0.9243554952510177,0.0,""
"2023-02-16 15:47:21","git-master-aef83eb1482ea9360065ac8d8913aaf18edd4ce8","sub-ubc02/anat/sub-ubc02_T2w_seg.nii.gz","859","4","",70.04145363640147,0.0,1.6201071656990416,0.0,6.7341933791577455,0.0,7.2349437348979455,0.0,12.383604499054837,0.0,0.8115769036329884,0.0,3.0500508775135105,0.0,0.9407232610778901,0.0,""
"2023-02-16 15:47:21","git-master-aef83eb1482ea9360065ac8d8913aaf18edd4ce8","sub-ubc02/anat/sub-ubc02_T2w_seg.nii.gz","860","4","",69.06428251098427,0.0,1.6342775520983444,0.0,6.595911026294784,0.0,7.169447890254379,0.0,12.404645152162535,0.0,0.8159728890976371,0.0,4.595590205939736,0.0,0.9518990874722228,0.0,""
"2023-02-16 15:47:21","git-master-aef83eb1482ea9360065ac8d8913aaf18edd4ce8","sub-ubc02/anat/sub-ubc02_T2w_seg.nii.gz","861","4","",68.37394015615006,0.0,1.648008588355877,0.0,6.45721277008984,0.0,7.066654372028033,0.0,12.502350656497995,0.0,0.8248184975448171,0.0,4.818476213164292,0.0,0.9500950652852072,0.0,""
"2023-02-16 15:47:21","git-master-aef83eb1482ea9360065ac8d8913aaf18edd4ce8","sub-ubc02/anat/sub-ubc02_T2w_seg.nii.gz","862","4","",68.28183124822247,0.0,1.6613881666741601,0.0,6.318183684203033,0.0,7.046462111730005,0.0,12.529100503795068,0.0,0.8268441907023788,0.0,4.274687360853998,0.0,0.9516752211739729,0.0,""
"2023-02-16 15:47:21","git-master-aef83eb1482ea9360065ac8d8913aaf18edd4ce8","sub-ubc02/anat/sub-ubc02_T2w_seg.nii.gz","863","4","",68.63839742547485,0.0,1.674504151538006,0.0,6.178906476054829,0.0,7.0882207948782145,0.0,12.502633608313348,0.0,0.8237549473927271,0.0,3.155892363892571,0.0,0.9557935106195746,0.0,""
"2023-02-16 15:47:21","git-master-aef83eb1482ea9360065ac8d8913aaf18edd4ce8","sub-ubc02/anat/sub-ubc02_T2w_seg.nii.gz","864","4","",69.34062482487236,0.0,1.6870929820940255,0.0,6.039135959059376,0.0,6.959870128321476,0.0,12.717774286451732,0.0,0.8363996880677067,0.0,2.7844831593829924,0.0,0.9508250996325764,0.0,""
"2023-02-16 15:47:21","git-master-aef83eb1482ea9360065ac8d8913aaf18edd4ce8","sub-ubc02/anat/sub-ubc02_T2w_seg.nii.gz","865","4","",69.99436730052717,0.0,1.6995060998519078,0.0,5.899201511190674,0.0,6.8445076136578775,0.0,12.922398473283584,0.0,0.8481535438009227,0.0,2.508809746124384,0.0,0.9461528608618589,0.0,""
"2023-02-16 15:47:21","git-master-aef83eb1482ea9360065ac8d8913aaf18edd4ce8","sub-ubc02/anat/sub-ubc02_T2w_seg.nii.gz","866","4","",70.01153901158068,0.0,1.7113920951287933,0.0,5.758776786929727,0.0,6.977183360058057,0.0,12.822316138656143,0.0,0.8388281058989263,0.0,2.0601652879197543,0.0,0.9523443558214246,0.0,""
"2023-02-16 15:47:21","git-master-aef83eb1482ea9360065ac8d8913aaf18edd4ce8","sub-ubc02/anat/sub-ubc02_T2w_seg.nii.gz","867","4","",69.8692247107932,0.0,1.723014544637158,0.0,5.618108489367524,0.0,7.0926680563340545,0.0,12.667995880101005,0.0,0.8282988088335678,0.0,1.9931578597407977,0.0,0.9504757785467128,0.0,""
"2023-02-16 15:47:21","git-master-aef83eb1482ea9360065ac8d8913aaf18edd4ce8","sub-ubc02/anat/sub-ubc02_T2w_seg.nii.gz","868","4","",69.51426239421771,0.0,1.7342855997874953,0.0,5.477115427403646,0.0,7.185231352444477,0.0,12.441358389642271,0.0,0.8161643662170592,0.0,2.4349998049294026,0.0,0.9378604382929643,0.0,""
"2023-02-16 15:47:21","git-master-aef83eb1482ea9360065ac8d8913aaf18edd4ce8","sub-ubc02/anat/sub-ubc02_T2w_seg.nii.gz","869","4","",69.15861876810418,0.0,1.7451174369551405,0.0,5.335719099639639,0.0,7.173171471178713,0.0,12.345447533520868,0.0,0.8138774218789454,0.0,2.1834798060166927,0.0,0.934058477998765,0.0,""
"2023-02-16 15:47:21","git-master-aef83eb1482ea9360065ac8d8913aaf18edd4ce8","sub-ubc02/anat/sub-ubc02_T2w_seg.nii.gz","870","4","",68.8027026181754,0.0,1.755773586929709,0.0,5.194161465555579,0.0,7.119262318962474,0.0,12.301827331134401,0.0,0.8155294768521894,0.0,1.6546150294634585,0.0,0.9337818696883853,0.0,""
"2023-02-16 15:47:21","git-master-aef83eb1482ea9360065ac8d8913aaf18edd4ce8","sub-ubc02/anat/sub-ubc02_T2w_seg.nii.gz","871","3","",68.82824320020154,0.0,1.7729872071894348,0.0,4.950530049725452,0.0,6.976707127825905,0.0,12.565551539544082,0.0,0.8317004444210003,0.0,1.7141582257398538,0.0,0.9392011311417462,0.0,""
"2023-02-16 15:47:21","git-master-aef83eb1482ea9360065ac8d8913aaf18edd4ce8","sub-ubc02/anat/sub-ubc02_T2w_seg.nii.gz","872","3","",68.50464757809559,0.0,1.781515890373271,0.0,4.821443124895056,0.0,6.998184927803097,0.0,12.453527925060659,0.0,0.8271022063864666,0.0,3.273787756323881,0.0,0.9414009323979791,0.0,""
"2023-02-16 15:47:21","git-master-aef83eb1482ea9360065ac8d8913aaf18edd4ce8","sub-ubc02/anat/sub-ubc02_T2w_seg.nii.gz","873","3","",68.35811366632235,0.0,1.7899860203821094,0.0,4.6923035729175515,0.0,7.037392645571852,0.0,12.34579442528265,0.0,0.82155229996438,0.0,4.85077758886508,0.0,0.9435811961767112,0.0,""
"2023-02-16 15:47:21","git-master-aef83eb1482ea9360065ac8d8913aaf18edd4ce8","sub-ubc02/anat/sub-ubc02_T2w_seg.nii.gz","874","3","",69.7166042923773,0.0,1.7979584484034665,0.0,4.5627166901896175,0.0,7.227304664568896,0.0,12.27452690050066,0.0,0.8079132122480943,0.0,6.575329988042249,0.0,0.945595391396687,0.0,""
"2023-02-16 15:47:21","git-master-aef83eb1482ea9360065ac8d8913aaf18edd4ce8","sub-ubc02/anat/sub-ubc02_T2w_seg.nii.gz","875","3","",70.57896921599749,0.0,1.8058137756498798,0.0,4.433025358377022,0.0,7.377895744954973,0.0,12.185828911920686,0.0,0.7958338571147023,0.0,7.787167420094702,0.0,0.9470339882096452,0.0,""
"2023-02-16 15:47:21","git-master-aef83eb1482ea9360065ac8d8913aaf18edd4ce8","sub-ubc02/anat/sub-ubc02_T2w_seg.nii.gz","876","3","",69.58086275548726,0.0,1.8132299749902527,0.0,4.302942342496945,0.0,7.381033305549919,0.0,12.03176668409826,0.0,0.789603499167162,0.0,7.076323725429473,0.0,0.9463140909962874,0.0,""
"2023-02-16 15:47:21","git-master-aef83eb1482ea9360065ac8d8913aaf18edd4ce8","sub-ubc02/anat/sub-ubc02_T2w_seg.nii.gz","877","3","",68.68871671462615,0.0,1.8204705310567542,0.0,4.172703894084385,0.0,7.389563188442995,0.0,11.868188901662938,0.0,0.7823693044555434,0.0,6.3806439368337395,0.0,0.9485492679348678,0.0,""
"2023-02-16 15:47:21","git-master-aef83eb1482ea9360065ac8d8913aaf18edd4ce8","sub-ubc02/anat/sub-ubc02_T2w_seg.nii.gz","878","3","",68.02615158300483,0.0,1.8273305266965332,0.0,4.042128675184774,0.0,7.40977643631535,0.0,11.683994084233008,0.0,0.7729601300884222,0.0,5.717819278055244,0.0,0.9571871055359811,0.0,""
"2023-02-16 15:47:21","git-master-aef83eb1482ea9360065ac8d8913aaf18edd4ce8","sub-ubc02/anat/sub-ubc02_T2w_seg.nii.gz","879","3","",67.78870550843828,0.0,1.8339563411588868,0.0,3.9113479121944663,0.0,7.366391962096083,0.0,11.700704046484045,0.0,0.7761701037532723,0.0,5.147192256892226,0.0,0.9596354549666282,0.0,""
"2023-02-16 15:47:21","git-master-aef83eb1482ea9360065ac8d8913aaf18edd4ce8","sub-ubc02/anat/sub-ubc02_T2w_seg.nii.gz","880","3","",68.13579813732204,0.0,1.8402601565022805,0.0,3.7802845260794515,0.0,7.235560620000835,0.0,11.993658080796404,0.0,0.7967314059620833,0.0,4.703336987450488,0.0,0.9535732581628841,0.0,""
"2023-02-16 15:47:21","git-master-aef83eb1482ea9360065ac8d8913aaf18edd4ce8","sub-ubc02/anat/sub-ubc02_T2w_seg.nii.gz","881","3","",68.83737410878567,0.0,1.84627125682578,0.0,3.6489663896995457,0.0,7.184147879106151,0.0,12.21754892336668,0.0,0.8087804040588352,0.0,4.508352166402966,0.0,0.9513489704207682,0.0,""
"2023-02-16 15:47:21","git-master-aef83eb1482ea9360065ac8d8913aaf18edd4ce8","sub-ubc02/anat/sub-ubc02_T2w_seg.nii.gz","882","3","",69.85798508857118,0.0,1.8520189136313754,0.0,3.5174189780812375,0.0,7.204211879291975,0.0,12.37928289336908,0.0,0.8131683284547343,0.0,4.53735074891024,0.0,0.9525788008341174,0.0,""
"2023-02-16 15:47:21","git-master-aef83eb1482ea9360065ac8d8913aaf18edd4ce8","sub-ubc02/anat/sub-ubc02_T2w_seg.nii.gz","883","3","",70.6656296770835,0.0,1.8574153250757357,0.0,3.3855685489709275,0.0,7.191505417896351,0.0,12.549174253648905,0.0,0.8193501800678036,0.0,4.239817905003068,0.0,0.9560896876522738,0.0,""
"2023-02-16 15:47:21","git-master-aef83eb1482ea9360065ac8d8913aaf18edd4ce8","sub-ubc02/anat/sub-ubc02_T2w_seg.nii.gz","884","3","",71.34904387068646,0.0,1.862606843392709,0.0,3.25354135965695,0.0,7.159682853911548,0.0,12.723824091590561,0.0,0.8265784892242223,0.0,3.7518083956874717,0.0,0.9609311907065677,0.0,""
"2023-02-16 15:47:21","git-master-aef83eb1482ea9360065ac8d8913aaf18edd4ce8","sub-ubc02/anat/sub-ubc02_T2w_seg.nii.gz","885","3","",71.28693537199881,0.0,1.8673885889255653,0.0,3.121163858176088,0.0,7.128076837996331,0.0,12.799982631796503,0.0,0.8305708405495487,0.0,3.5752189541594164,0.0,0.9593917710411636,0.0,""
"2023-02-16 15:47:21","git-master-aef83eb1482ea9360065ac8d8913aaf18edd4ce8","sub-ubc02/anat/sub-ubc02_T2w_seg.nii.gz","886","3","",70.95856876892165,0.0,1.8720239870355226,0.0,2.988661245207054,0.0,7.096548160677396,0.0,12.840965708525406,0.0,0.833407492649485,0.0,3.5098509654126255,0.0,0.9555734504044386,0.0,""
"2023-02-16 15:47:21","git-master-aef83eb1482ea9360065ac8d8913aaf18edd4ce8","sub-ubc02/anat/sub-ubc02_T2w_seg.nii.gz","887","3","",70.34553524395314,0.0,1.8761910872545322,0.0,2.855762031568475,0.0,7.032858564847225,0.0,12.83377139249833,0.0,0.8364674517473615,0.0,3.915049489617624,0.0,0.9541258057796924,0.0,""
"2023-02-16 15:47:21","git-master-aef83eb1482ea9360065ac8d8913aaf18edd4ce8","sub-ubc02/anat/sub-ubc02_T2w_seg.nii.gz","888","3","",69.67912667112999,0.0,1.8802703816189892,0.0,2.722788455304356,0.0,6.963138796796197,0.0,12.81754381532951,0.0,0.8395692809073518,0.0,4.408479235001082,0.0,0.9531226629071922,0.0,""
"2023-02-16 15:47:21","git-master-aef83eb1482ea9360065ac8d8913aaf18edd4ce8","sub-ubc02/anat/sub-ubc02_T2w_seg.nii.gz","889","3","",69.0118214794806,0.0,1.8838228546825306,0.0,2.5893730296472235,0.0,6.889224940052313,0.0,12.827161589133327,0.0,0.8434986263449569,0.0,4.8691360924887155,0.0,0.9405814609795103,0.0,""
"2023-02-16 15:47:21","git-master-aef83eb1482ea9360065ac8d8913aaf18edd4ce8","sub-ubc02/anat/sub-ubc02_T2w_seg.nii.gz","890","3","",68.4331925874438,0.0,1.88731679271367,0.0,2.4559087555629966,0.0,6.8240786098228075,0.0,12.837546519767976,0.0,0.8470086320050954,0.0,5.395589069724515,0.0,0.928267256187431,0.0,""
"2023-02-16 15:47:21","git-master-aef83eb1482ea9360065ac8d8913aaf18edd4ce8","sub-ubc02/anat/sub-ubc02_T2w_seg.nii.gz","891","3","",69.45163370725949,0.0,1.89028392146249,0.0,2.3220070591840867,0.0,6.920941845544962,0.0,12.835894922384982,0.0,0.8421430053932222,0.0,7.139145090323083,0.0,0.9315770588913774,0.0,""
"2023-02-16 15:47:21","git-master-aef83eb1482ea9360065ac8d8913aaf18edd4ce8","sub-ubc02/anat/sub-ubc02_T2w_seg.nii.gz","892","3","",70.36347364131313,0.0,1.8931632503604292,0.0,2.188033213717272,0.0,7.01011148388609,0.0,12.830058782247418,0.0,0.8375286202145706,0.0,8.620751381270521,0.0,0.9349773182524844,0.0,""
"2023-02-16 15:47:21","git-master-aef83eb1482ea9360065ac8d8913aaf18edd4ce8","sub-ubc02/anat/sub-ubc02_T2w_seg.nii.gz","893","3","",70.70677391796922,0.0,1.8955743133870044,0.0,2.0536745731149684,0.0,7.058248602861744,0.0,12.801905080752142,0.0,0.8342541893464342,0.0,8.705292447411932,0.0,0.9388600131184484,0.0,""
"2023-02-16 15:47:21","git-master-aef83eb1482ea9360065ac8d8913aaf18edd4ce8","sub-ubc02/anat/sub-ubc02_T2w_seg.nii.gz","894","3","",70.96111494894359,0.0,1.8978390456362921,0.0,1.919196969675835,0.0,7.097435485786672,0.0,12.776335627093257,0.0,0.8315051180461824,0.0,8.734695682402409,0.0,0.9423645485252986,0.0,""
"2023-02-16 15:47:21","git-master-aef83eb1482ea9360065ac8d8913aaf18edd4ce8","sub-ubc02/anat/sub-ubc02_T2w_seg.nii.gz","895","3","",70.96637009200924,0.0,1.8996940517091736,0.0,1.7843862702935789,0.0,7.111561707769562,0.0,12.758002067376264,0.0,0.8302270535360073,0.0,8.60971299017027,0.0,0.9448102374466302,0.0,""
"2023-02-16 15:47:21","git-master-aef83eb1482ea9360065ac8d8913aaf18edd4ce8","sub-ubc02/anat/sub-ubc02_T2w_seg.nii.gz","896","3","",70.5983546814599,0.0,1.9013441971881726,0.0,1.6494108618740146,0.0,7.075489479545881,0.0,12.765848462635216,0.0,0.8322640875280081,0.0,8.208942351735592,0.0,0.9455167058095211,0.0,""
"2023-02-16 15:47:21","git-master-aef83eb1482ea9360065ac8d8913aaf18edd4ce8","sub-ubc02/anat/sub-ubc02_T2w_seg.nii.gz","897","3","",69.59044689328486,0.0,1.9026431530776589,0.0,1.5141530951047797,0.0,6.953362765253792,0.0,12.818574780710076,0.0,0.8399841475237385,0.0,7.335392376953711,0.0,0.943241653215085,0.0,""
"2023-02-16 15:47:21","git-master-aef83eb1482ea9360065ac8d8913aaf18edd4ce8","sub-ubc02/anat/sub-ubc02_T2w_seg.nii.gz","898","3","",69.22161109681493,0.0,1.9036787190265676,0.0,1.3786859739898807,0.0,6.905641149030461,0.0,12.875041483390955,0.0,0.8439906389781954,0.0,7.869422222647095,0.0,0.9380905698837431,0.0,""
"2023-02-16 15:47:21","git-master-aef83eb1482ea9360065ac8d8913aaf18edd4ce8","sub-ubc02/anat/sub-ubc02_T2w_seg.nii.gz","899","3","",69.56285529112841,0.0,1.904421629485946,0.0,1.2429862369353546,0.0,6.940591863994639,0.0,12.935664168967413,0.0,0.8438709431645702,0.0,9.967429646646313,0.0,0.9297438968447278,0.0,""
"2023-02-16 15:47:21","git-master-aef83eb1482ea9360065ac8d8913aaf18edd4ce8","sub-ubc02/anat/sub-ubc02_T2w_seg.nii.gz","900","3","",70.29456795382113,0.0,1.9048426204833993,0.0,1.1070336343278522,0.0,7.029756085693539,0.0,12.904436691977834,0.0,0.8384110892643618,0.0,10.535925932963318,0.0,0.9311065296666999,0.0,""
"2023-02-16 15:47:21","git-master-aef83eb1482ea9360065ac8d8913aaf18edd4ce8","sub-ubc02/anat/sub-ubc02_T2w_seg.nii.gz","901","3","",71.31025768442599,0.0,1.9050294882358165,0.0,0.9708971295000031,0.0,7.158348312290419,0.0,12.80640909675841,0.0,0.8290674840284564,0.0,9.99205048278418,0.0,0.9395304758421176,0.0,""
"2023-02-16 15:47:21","git-master-aef83eb1482ea9360065ac8d8913aaf18edd4ce8","sub-ubc02/anat/sub-ubc02_T2w_seg.nii.gz","902","3","",70.93973762079091,0.0,1.9048359061840712,0.0,0.8344654150562386,0.0,7.098914381183667,0.0,12.853255394486359,0.0,0.8333777089306587,0.0,8.815338893529152,0.0,0.9488674181485657,0.0,""
"2023-02-16 15:47:21","git-master-aef83eb1482ea9360065ac8d8913aaf18edd4ce8","sub-ubc02/anat/sub-ubc02_T2w_seg.nii.gz","903","3","",69.92942842135277,0.0,1.9044667319150201,0.0,0.6978974500205131,0.0,6.952699146521394,0.0,12.966966565882329,0.0,0.8439897015889105,0.0,7.346549086239099,0.0,0.9586257432847203,0.0,""
"2023-02-16 15:47:21","git-master-aef83eb1482ea9360065ac8d8913aaf18edd4ce8","sub-ubc02/anat/sub-ubc02_T2w_seg.nii.gz","904","3","",67.58589707935067,0.0,1.9036585760337181,0.0,0.5609931312967531,0.0,6.753864227461338,0.0,13.039793694169283,0.0,0.855124192613663,0.0,6.707644466025088,0.0,0.9470597149600951,0.0,""
"2023-02-16 15:47:21","git-master-aef83eb1482ea9360065ac8d8913aaf18edd4ce8","sub-ubc02/anat/sub-ubc02_T2w_seg.nii.gz","905","3","",64.88683983266483,0.0,1.9027333583891493,0.0,0.423999118256184,0.0,6.540997392561872,0.0,13.101718410960501,0.0,0.8663980165361491,0.0,6.290042562364686,0.0,0.929807192379262,0.0,""
"2023-02-16 15:47:21","git-master-aef83eb1482ea9360065ac8d8913aaf18edd4ce8","sub-ubc02/anat/sub-ubc02_T2w_seg.nii.gz","906","3","",65.20756454242246,0.0,1.9013106252176635,0.0,0.28662884006414485,0.0,6.581612621699901,0.0,13.076545410291658,0.0,0.8640623987388378,0.0,6.137494022879057,0.0,0.930204525153665,0.0,""
"2023-02-16 15:47:21","git-master-aef83eb1482ea9360065ac8d8913aaf18edd4ce8","sub-ubc02/anat/sub-ubc02_T2w_seg.nii.gz","907","3","",65.883557717644,0.0,1.899829360807717,0.0,0.1492142953836974,0.0,6.652049270136457,0.0,13.041125619333396,0.0,0.8601256701509623,0.0,6.016128232119871,0.0,0.9326783114992722,0.0,""
"2023-02-16 15:47:21","git-master-aef83eb1482ea9360065ac8d8913aaf18edd4ce8","sub-ubc02/anat/sub-ubc02_T2w_seg.nii.gz","908","2","",64.6045055164041,0.0,1.8959691820025057,0.0,-0.11193625345106147,0.0,6.547084370354451,0.0,13.009395690930631,0.0,0.8641362748742892,0.0,4.814413948073076,0.0,0.922879177377892,0.0,""
"2023-02-16 15:47:21","git-master-aef83eb1482ea9360065ac8d8913aaf18edd4ce8","sub-ubc02/anat/sub-ubc02_T2w_seg.nii.gz","909","2","",64.90250451344845,0.0,1.8936760914667718,0.0,-0.23416831846714245,0.0,6.577109617920124,0.0,12.987591271783158,0.0,0.8622776228060055,0.0,4.975013222416892,0.0,0.9247807524052921,0.0,""
"2023-02-16 15:47:21","git-master-aef83eb1482ea9360065ac8d8913aaf18edd4ce8","sub-ubc02/anat/sub-ubc02_T2w_seg.nii.gz","910","2","",65.20050351049278,0.0,1.891383000931038,0.0,-0.35640038348322345,0.0,6.607134865485797,0.0,12.965786852635683,0.0,0.8604189707377217,0.0,5.135612496760708,0.0,0.9266823274326922,0.0,""
"2023-02-16 15:47:21","git-master-aef83eb1482ea9360065ac8d8913aaf18edd4ce8","sub-ubc02/anat/sub-ubc02_T2w_seg.nii.gz","911","2","",63.195343527544864,0.0,1.8886684686055388,0.0,-0.47893815537509177,0.0,6.401359497130345,0.0,12.919332358541322,0.0,0.8684139902342164,0.0,4.194883221267306,0.0,0.9275669058873002,0.0,""
"2023-02-16 15:47:21","git-master-aef83eb1482ea9360065ac8d8913aaf18edd4ce8","sub-ubc02/anat/sub-ubc02_T2w_seg.nii.gz","912","2","",60.80632371459823,0.0,1.8858836959817455,0.0,-0.6015268784129246,0.0,6.156284026121372,0.0,12.868769518622479,0.0,0.8780512883248409,0.0,3.070599187467701,0.0,0.9282819849131094,0.0,""
"2023-02-16 15:47:21","git-master-aef83eb1482ea9360065ac8d8913aaf18edd4ce8","sub-ubc02/anat/sub-ubc02_T2w_seg.nii.gz","913","2","",61.18855393966654,0.0,1.882747714677007,0.0,-0.724366613786569,0.0,6.209683877865582,0.0,12.76682745390387,0.0,0.8733815864966963,0.0,3.673526617751451,0.0,0.9373196682427556,0.0,""
"2023-02-16 15:47:21","git-master-aef83eb1482ea9360065ac8d8913aaf18edd4ce8","sub-ubc02/anat/sub-ubc02_T2w_seg.nii.gz","914","2","",62.67928417994082,0.0,1.8794712498998907,0.0,-0.8473067540945378,0.0,6.382473858711064,0.0,12.644333699265356,0.0,0.862989084701044,0.0,4.967338633668543,0.0,0.9496863932939364,0.0,""
"2023-02-16 15:47:21","git-master-aef83eb1482ea9360065ac8d8913aaf18edd4ce8","sub-ubc02/anat/sub-ubc02_T2w_seg.nii.gz","915","2","",64.16954655776746,0.0,1.8759138114498641,0.0,-0.9704446585912666,0.0,6.467208262286352,0.0,12.764597683608335,0.0,0.8619482957246954,0.0,5.6709440551385555,0.0,0.9536518030013336,0.0,""
"2023-02-16 15:47:21","git-master-aef83eb1482ea9360065ac8d8913aaf18edd4ce8","sub-ubc02/anat/sub-ubc02_T2w_seg.nii.gz","916","2","",65.65945803875839,0.0,1.8721456427451553,0.0,-1.0937308862295652,0.0,6.485900982908995,0.0,13.066929972187431,0.0,0.8679212913628247,0.0,5.931894530773258,0.0,0.9513162262008928,0.0,""
"2023-02-16 15:47:21","git-master-aef83eb1482ea9360065ac8d8913aaf18edd4ce8","sub-ubc02/anat/sub-ubc02_T2w_seg.nii.gz","917","2","",66.25372689729336,0.0,1.868166738021416,0.0,-1.217163114846305,0.0,6.492890184164542,0.0,13.250885054870423,0.0,0.8717216703818081,0.0,6.128263648041906,0.0,0.9450053837036038,0.0,""
"2023-02-16 15:47:21","git-master-aef83eb1482ea9360065ac8d8913aaf18edd4ce8","sub-ubc02/anat/sub-ubc02_T2w_seg.nii.gz","918","2","",65.65380559255374,0.0,1.8639068519389699,0.0,-1.3407900114342992,0.0,6.484274692930631,0.0,13.277003863025271,0.0,0.8726252272419303,0.0,6.238524287489146,0.0,0.9333941869438502,0.0,""
"2023-02-16 15:47:21","git-master-aef83eb1482ea9360065ac8d8913aaf18edd4ce8","sub-ubc02/anat/sub-ubc02_T2w_seg.nii.gz","919","2","",64.79798272584644,0.0,1.859506470866341,0.0,-1.4645126688597778,0.0,6.459909087551596,0.0,13.220081370703383,0.0,0.8724426343489226,0.0,6.686989848745077,0.0,0.9262776470361037,0.0,""
"2023-02-16 15:47:21","git-master-aef83eb1482ea9360065ac8d8913aaf18edd4ce8","sub-ubc02/anat/sub-ubc02_T2w_seg.nii.gz","920","2","",63.3024059542199,0.0,1.8547548523182547,0.0,-1.588474728378967,0.0,6.39616819680975,0.0,12.955555627189652,0.0,0.8695446670730901,0.0,7.980967714522734,0.0,0.9303977492583745,0.0,""
"2023-02-16 15:47:21","git-master-aef83eb1482ea9360065ac8d8913aaf18edd4ce8","sub-ubc02/anat/sub-ubc02_T2w_seg.nii.gz","921","2","",61.89203607705609,0.0,1.849932983891853,0.0,-1.7124838693458109,0.0,6.312764691198781,0.0,12.75678233474089,0.0,0.8688090330801503,0.0,8.89967403255033,0.0,0.9332322100044803,0.0,""
"2023-02-16 15:47:21","git-master-aef83eb1482ea9360065ac8d8913aaf18edd4ce8","sub-ubc02/anat/sub-ubc02_T2w_seg.nii.gz","922","2","",60.99290756666864,0.0,1.844689616195558,0.0,-1.8367754989985818,0.0,6.11138549637307,0.0,12.952523748681939,0.0,0.8810473987845664,0.0,7.56675106407756,0.0,0.9283528218935962,0.0,""
"2023-02-16 15:47:21","git-master-aef83eb1482ea9360065ac8d8913aaf18edd4ce8","sub-ubc02/anat/sub-ubc02_T2w_seg.nii.gz","923","2","",60.09377905628119,0.0,1.8394462484992629,0.0,-1.9610671286513528,0.0,5.910006301547359,0.0,13.148265162622987,0.0,0.8932857644889824,0.0,6.233828095604791,0.0,0.9234734337827122,0.0,""
"2023-02-16 15:47:21","git-master-aef83eb1482ea9360065ac8d8913aaf18edd4ce8","sub-ubc02/anat/sub-ubc02_T2w_seg.nii.gz","924","2","",62.475832994673226,0.0,1.833711113425596,0.0,-2.078096595131996,0.0,6.147736850633189,0.0,13.097979575343368,0.0,0.8826261371087237,0.0,6.86667246964506,0.0,0.9321885861717164,0.0,""
"2023-02-16 15:47:21","git-master-aef83eb1482ea9360065ac8d8913aaf18edd4ce8","sub-ubc02/anat/sub-ubc02_T2w_seg.nii.gz","925","2","",64.85788693306526,0.0,1.8279759783519287,0.0,-2.1951260616126396,0.0,6.385467399719019,0.0,13.047693988063749,0.0,0.8719665097284649,0.0,7.4995168436853294,0.0,0.9409037385607207,0.0,""
"2023-02-16 15:47:21","git-master-aef83eb1482ea9360065ac8d8913aaf18edd4ce8","sub-ubc02/anat/sub-ubc02_T2w_seg.nii.gz","926","2","",65.4499683110954,0.0,1.821819311478203,0.0,-2.2994325794359263,0.0,6.454331269992589,0.0,13.012924828241827,0.0,0.868303344259263,0.0,7.304309755255185,0.0,0.9432585330810748,0.0,""
"2023-02-16 15:47:21","git-master-aef83eb1482ea9360065ac8d8913aaf18edd4ce8","sub-ubc02/anat/sub-ubc02_T2w_seg.nii.gz","927","2","",65.74372092906525,0.0,1.8155923893044676,0.0,-2.4016186058163203,0.0,6.49505069379745,0.0,12.980741739662854,0.0,0.8658062557752374,0.0,6.971094089746639,0.0,0.9445532679566536,0.0,""
"2023-02-16 15:47:21","git-master-aef83eb1482ea9360065ac8d8913aaf18edd4ce8","sub-ubc02/anat/sub-ubc02_T2w_seg.nii.gz","928","2","",66.67667954675021,0.0,1.8090141755176872,0.0,-2.493209816838035,0.0,6.543838402479847,0.0,13.096700262960297,0.0,0.8661975251757742,0.0,6.888728798647876,0.0,0.9454249852807365,0.0,""
"2023-02-16 15:47:21","git-master-aef83eb1482ea9360065ac8d8913aaf18edd4ce8","sub-ubc02/anat/sub-ubc02_T2w_seg.nii.gz","929","2","",67.86532056432124,0.0,1.8022954450856887,0.0,-2.5805631017162787,0.0,6.595853425113259,0.0,13.271915431008308,0.0,0.8677441377301361,0.0,6.9067036573130265,0.0,0.9461274955842209,0.0,""
"2023-02-16 15:47:21","git-master-aef83eb1482ea9360065ac8d8913aaf18edd4ce8","sub-ubc02/anat/sub-ubc02_T2w_seg.nii.gz","930","2","",68.37255826109069,0.0,1.7952956684885955,0.0,-2.6594467388409844,0.0,6.59094410862367,0.0,13.392172731893261,0.0,0.8704639433985325,0.0,6.647323643939998,0.0,0.944135927065987,0.0,""
"2023-02-16 15:47:21","git-master-aef83eb1482ea9360065ac8d8913aaf18edd4ce8","sub-ubc02/anat/sub-ubc02_T2w_seg.nii.gz","931","2","",68.36874346725895,0.0,1.788085107267681,0.0,-2.731978140150537,0.0,6.54334153779183,0.0,13.471211632405918,0.0,0.8740636439024546,0.0,6.179927476538337,0.0,0.9401237994314645,0.0,""
"2023-02-16 15:47:21","git-master-aef83eb1482ea9360065ac8d8913aaf18edd4ce8","sub-ubc02/anat/sub-ubc02_T2w_seg.nii.gz","932","2","",67.72634338423262,0.0,1.7806637512079049,0.0,-2.798161682827149,0.0,6.532469675862437,0.0,13.355007245580401,0.0,0.8718366340077689,0.0,5.779999324565081,0.0,0.939070894204358,0.0,""
"2023-02-16 15:47:21","git-master-aef83eb1482ea9360065ac8d8913aaf18edd4ce8","sub-ubc02/anat/sub-ubc02_T2w_seg.nii.gz","933","2","",66.23249624894682,0.0,1.77296133536298,0.0,-2.8558814139931727,0.0,6.57057209246964,0.0,12.978478475637317,0.0,0.8618406769149397,0.0,5.470028526496363,0.0,0.9419636188538059,0.0,""
"2023-02-16 15:47:21","git-master-aef83eb1482ea9360065ac8d8913aaf18edd4ce8","sub-ubc02/anat/sub-ubc02_T2w_seg.nii.gz","934","2","",65.16482554380678,0.0,1.7651183824636179,0.0,-2.909371783236592,0.0,6.598848344161683,0.0,12.709617659177658,0.0,0.8546521950480088,0.0,5.253286717964593,0.0,0.9438011838833373,0.0,""
"2023-02-16 15:47:21","git-master-aef83eb1482ea9360065ac8d8913aaf18edd4ce8","sub-ubc02/anat/sub-ubc02_T2w_seg.nii.gz","935","2","",65.16259591403124,0.0,1.7569240869281624,0.0,-2.9522887476734994,0.0,6.602559183565825,0.0,12.709926726426561,0.0,0.8544824012458238,0.0,5.269617383275193,0.0,0.9430008498630776,0.0,""
"2023-02-16 15:47:21","git-master-aef83eb1482ea9360065ac8d8913aaf18edd4ce8","sub-ubc02/anat/sub-ubc02_T2w_seg.nii.gz","936","2","",65.24565955518212,0.0,1.7486595191197842,0.0,-2.9930920404682557,0.0,6.614063717461634,0.0,12.716152195340737,0.0,0.8540864722682083,0.0,5.401509737603551,0.0,0.9425002038809858,0.0,""
"2023-02-16 15:47:21","git-master-aef83eb1482ea9360065ac8d8913aaf18edd4ce8","sub-ubc02/anat/sub-ubc02_T2w_seg.nii.gz","937","2","",65.84048282189146,0.0,1.7399733176738699,0.0,-3.0212133034101063,0.0,6.672330418307442,0.0,12.757876074246532,0.0,0.8523337322380109,0.0,6.226772226038457,0.0,0.9437976861279014,0.0,""
"2023-02-16 15:47:21","git-master-aef83eb1482ea9360065ac8d8913aaf18edd4ce8","sub-ubc02/anat/sub-ubc02_T2w_seg.nii.gz","938","2","",66.43530608860081,0.0,1.7312871162279557,0.0,-3.049334566351957,0.0,6.730597119153249,0.0,12.799599953152327,0.0,0.8505809922078136,0.0,7.052034714473363,0.0,0.945095168374817,0.0,""
"2023-02-16 15:47:21","git-master-aef83eb1482ea9360065ac8d8913aaf18edd4ce8","sub-ubc02/anat/sub-ubc02_T2w_seg.nii.gz","939","1","",67.07300481678128,0.0,1.7116196848421756,0.0,-3.0778997021016385,0.0,6.892701446214223,0.0,12.58012249240468,0.0,0.8365412988286589,0.0,6.824253697966663,0.0,0.9489795918367347,0.0,""
"2023-02-16 15:47:21","git-master-aef83eb1482ea9360065ac8d8913aaf18edd4ce8","sub-ubc02/anat/sub-ubc02_T2w_seg.nii.gz","940","1","",67.82849202290937,0.0,1.6993750826120715,0.0,-3.0760533805213677,0.0,6.983475106644277,0.0,12.517017461630548,0.0,0.8298113671703983,0.0,7.676050692597432,0.0,0.9544002173872305,0.0,""
"2023-02-16 15:47:21","git-master-aef83eb1482ea9360065ac8d8913aaf18edd4ce8","sub-ubc02/anat/sub-ubc02_T2w_seg.nii.gz","941","1","",68.93281676346838,0.0,1.6869387957187685,0.0,-3.0684451981493406,0.0,7.091382097934705,0.0,12.482074192253412,0.0,0.822907394923121,0.0,7.873000306922972,0.0,0.9601153778658061,0.0,""
"2023-02-16 15:47:21","git-master-aef83eb1482ea9360065ac8d8913aaf18edd4ce8","sub-ubc02/anat/sub-ubc02_T2w_seg.nii.gz","942","1","",70.82202595649693,0.0,1.6740712183332682,0.0,-3.0478728289958616,0.0,7.237839083660972,0.0,12.510494886019522,0.0,0.8156118313505567,0.0,6.596543315561745,0.0,0.9664932419325619,0.0,""
"2023-02-16 15:47:21","git-master-aef83eb1482ea9360065ac8d8913aaf18edd4ce8","sub-ubc02/anat/sub-ubc02_T2w_seg.nii.gz","943","1","",71.78285366685526,0.0,1.6608202482810788,0.0,-3.0157745150607385,0.0,7.331195940669839,0.0,12.503142161527517,0.0,0.810028083087363,0.0,5.936630471544088,0.0,0.9702707079003295,0.0,""
"2023-02-16 15:47:21","git-master-aef83eb1482ea9360065ac8d8913aaf18edd4ce8","sub-ubc02/anat/sub-ubc02_T2w_seg.nii.gz","944","1","",72.1634429505447,0.0,1.6473296578122087,0.0,-2.9764724856370877,0.0,7.391365217230332,0.0,12.47343105062419,0.0,0.8055142193925259,0.0,5.662057719616163,0.0,0.9724229250562295,0.0,""
"2023-02-16 15:47:21","git-master-aef83eb1482ea9360065ac8d8913aaf18edd4ce8","sub-ubc02/anat/sub-ubc02_T2w_seg.nii.gz","945","1","",71.84813405005087,0.0,1.6332639425283975,0.0,-2.919875344760117,0.0,7.385041103267385,0.0,12.454061068305784,0.0,0.8052155771684562,0.0,5.253150138166738,0.0,0.9693141005091291,0.0,""
"2023-02-16 15:47:21","git-master-aef83eb1482ea9360065ac8d8913aaf18edd4ce8","sub-ubc02/anat/sub-ubc02_T2w_seg.nii.gz","946","1","",71.47504981288066,0.0,1.6190065098496729,0.0,-2.857510985975601,0.0,7.3675601496873835,0.0,12.441403243506821,0.0,0.8058015530568293,0.0,4.867858429891328,0.0,0.9680923142027908,0.0,""
"2023-02-16 15:47:21","git-master-aef83eb1482ea9360065ac8d8913aaf18edd4ce8","sub-ubc02/anat/sub-ubc02_T2w_seg.nii.gz","947","1","",71.10268617128456,0.0,1.6042697760809441,0.0,-2.780726765125191,0.0,7.331360116973709,0.0,12.448246741387976,0.0,0.8081653611336874,0.0,4.598601529285269,0.0,0.9746220558387155,0.0,""
"2023-02-16 15:47:21","git-master-aef83eb1482ea9360065ac8d8913aaf18edd4ce8","sub-ubc02/anat/sub-ubc02_T2w_seg.nii.gz","948","1","",71.34078545259334,0.0,1.5891975099431033,0.0,-2.6938423627281063,0.0,7.368328055194991,0.0,12.426329096578375,0.0,0.8051507222943387,0.0,4.3101384299993235,0.0,0.9703036735313942,0.0,""
"2023-02-16 15:47:21","git-master-aef83eb1482ea9360065ac8d8913aaf18edd4ce8","sub-ubc02/anat/sub-ubc02_T2w_seg.nii.gz","949","1","",72.10213866782058,0.0,1.573837644631738,0.0,-2.598300661862443,0.0,7.468011397074808,0.0,12.379759043748125,0.0,0.7975259860982412,0.0,4.005212874702044,0.0,0.956686899272719,0.0,""
"2023-02-16 15:47:21","git-master-aef83eb1482ea9360065ac8d8913aaf18edd4ce8","sub-ubc02/anat/sub-ubc02_T2w_seg.nii.gz","950","1","",72.22503952298533,0.0,1.557950479842524,0.0,-2.4868761068978786,0.0,7.444787057424248,0.0,12.433090987254628,0.0,0.8008506168215409,0.0,4.832692030769115,0.0,0.9493014347127,0.0,""
"2023-02-16 15:47:21","git-master-aef83eb1482ea9360065ac8d8913aaf18edd4ce8","sub-ubc02/anat/sub-ubc02_T2w_seg.nii.gz","951","1","",72.23192360189587,0.0,1.5418715635034772,0.0,-2.3696738463139018,0.0,7.394542191740797,0.0,12.510852891762177,0.0,0.8065894571670504,0.0,5.844738115415673,0.0,0.9435411519112001,0.0,""
"2023-02-16 15:47:21","git-master-aef83eb1482ea9360065ac8d8913aaf18edd4ce8","sub-ubc02/anat/sub-ubc02_T2w_seg.nii.gz","952","1","",72.23916777147092,0.0,1.525265313118197,0.0,-2.2365770589220584,0.0,7.3185921144068145,0.0,12.62307758543873,0.0,0.8146570835153167,0.0,6.7394975958850685,0.0,0.9404880590828986,0.0,""
"2023-02-16 15:47:21","git-master-aef83eb1482ea9360065ac8d8913aaf18edd4ce8","sub-ubc02/anat/sub-ubc02_T2w_seg.nii.gz","953","1","",72.59525872407329,0.0,1.5083714070678493,0.0,-2.0948043580522686,0.0,7.318553360949868,0.0,12.675421554277872,0.0,0.816438579863556,0.0,6.556693186733857,0.0,0.9416277759386263,0.0,""
"2023-02-16 15:47:21","git-master-aef83eb1482ea9360065ac8d8913aaf18edd4ce8","sub-ubc02/anat/sub-ubc02_T2w_seg.nii.gz","954","1","",73.35833759020751,0.0,1.4911419027415895,0.0,-1.9429097581248747,0.0,7.407077818682797,0.0,12.657904677473361,0.0,0.8108862578784302,0.0,5.116730906358596,0.0,0.9476591040923885,0.0,""
"2023-02-16 15:47:21","git-master-aef83eb1482ea9360065ac8d8913aaf18edd4ce8","sub-ubc02/anat/sub-ubc02_T2w_seg.nii.gz","955","1","",74.12147790805409,0.0,1.4734329408205078,0.0,-1.7765462874032272,0.0,7.52558692513782,0.0,12.62355544546499,0.0,0.8027519862601924,0.0,6.424208758632814,0.0,0.95305194700531,0.0,""
"2023-02-16 15:47:21","git-master-aef83eb1482ea9360065ac8d8913aaf18edd4ce8","sub-ubc02/anat/sub-ubc02_T2w_seg.nii.gz","956","1","",74.85553847635153,0.0,1.455532192729783,0.0,-1.6043946021218696,0.0,7.643987791377477,0.0,12.587734073667391,0.0,0.7945058223246861,0.0,8.242307608048783,0.0,0.9581103128948928,0.0,""
"2023-02-16 15:47:21","git-master-aef83eb1482ea9360065ac8d8913aaf18edd4ce8","sub-ubc02/anat/sub-ubc02_T2w_seg.nii.gz","957","1","",75.24042082389468,0.0,1.4370560579447016,0.0,-1.4148722769833058,0.0,7.65314503963319,0.0,12.594843503132946,0.0,0.7942119692611626,0.0,6.297073945627498,0.0,0.9614535013714366,0.0,""
"2023-02-16 15:47:21","git-master-aef83eb1482ea9360065ac8d8913aaf18edd4ce8","sub-ubc02/anat/sub-ubc02_T2w_seg.nii.gz","958","1","",75.18879446540737,0.0,1.4183401631994623,0.0,-1.21811063917354,0.0,7.631830303520321,0.0,12.60274744070876,0.0,0.7957736948322838,0.0,4.963191371152761,0.0,0.9606387740946061,0.0,""
"2023-02-16 15:47:21","git-master-aef83eb1482ea9360065ac8d8913aaf18edd4ce8","sub-ubc02/anat/sub-ubc02_T2w_seg.nii.gz","959","1","",74.43875417727132,0.0,1.3992406525179706,0.0,-1.0097661010898524,0.0,7.561760392417721,0.0,12.611922591260983,0.0,0.8003043462188365,0.0,4.607470537392519,0.0,0.9531713816123768,0.0,""
"2023-02-16 15:47:21","git-master-aef83eb1482ea9360065ac8d8913aaf18edd4ce8","sub-ubc02/anat/sub-ubc02_T2w_seg.nii.gz","960","1","",74.47280913529707,0.0,1.3797095464086089,0.0,-0.7883924481538657,0.0,7.560515156702354,0.0,12.634427349660545,0.0,0.8011938666627028,0.0,4.8445843949932295,0.0,0.9522113445466551,0.0,""
"2023-02-16 15:47:21","git-master-aef83eb1482ea9360065ac8d8913aaf18edd4ce8","sub-ubc02/anat/sub-ubc02_T2w_seg.nii.gz","961","1","",74.85535086939474,0.0,1.3599866201090824,0.0,-0.5612280775057451,0.0,7.5898586656035345,0.0,12.66285637821448,0.0,0.8004651066875973,0.0,5.345180337643256,0.0,0.9541434654438258,0.0,""
"2023-02-16 15:47:21","git-master-aef83eb1482ea9360065ac8d8913aaf18edd4ce8","sub-ubc02/anat/sub-ubc02_T2w_seg.nii.gz","962","1","",73.34563659844984,0.0,1.3396402392533244,0.0,-0.31525458667930156,0.0,7.529701703752752,0.0,12.540974733779619,0.0,0.7996881084486898,0.0,5.518695106083675,0.0,0.9513261097933682,0.0,""
"2023-02-16 15:47:21","git-master-aef83eb1482ea9360065ac8d8913aaf18edd4ce8","sub-ubc02/anat/sub-ubc02_T2w_seg.nii.gz","963","1","",72.64949162345381,0.0,1.319102014548205,0.0,-0.06350018036407612,0.0,7.502121620857175,0.0,12.483826192350326,0.0,0.7992873901278998,0.0,5.178798197509821,0.0,0.9496028652864653,0.0,""
