participant_id	session_id	sex	age	height
sub-002	ses-headDown	F	22	168
sub-002	ses-headNormal	F	22	168
sub-002	ses-headUp	F	22	168
sub-003	ses-headDown	M	22	181
sub-003	ses-headNormal	M	22	181
sub-003	ses-headUp	M	22	181
sub-004	ses-headDown	F	23	162
sub-004	ses-headNormal	F	23	162
sub-004	ses-headUp	F	23	162
sub-005	ses-headDown	M	22	177
sub-005	ses-headNormal	M	22	177
sub-005	ses-headUp	M	22	177
sub-006	ses-headDown	F	23	171
sub-006	ses-headNormal	F	23	171
sub-006	ses-headUp	F	23	171
sub-007	ses-headDown	M	23	186
sub-007	ses-headNormal	M	23	186
sub-007	ses-headUp	M	23	186
sub-008	ses-headDown	M	26	176
sub-008	ses-headNormal	M	26	176
sub-008	ses-headUp	M	26	176
sub-009	ses-headDown	M	22	176
sub-009	ses-headNormal	M	22	176
sub-009	ses-headUp	M	22	176
sub-010	ses-headDown	M	23	175
sub-010	ses-headNormal	M	23	175
sub-010	ses-headUp	M	23	175
sub-011	ses-headDown	M	23	183
sub-011	ses-headNormal	M	23	183
sub-011	ses-headUp	M	23	183
