Timestamp,SCT Version,Filename,Slice (I->S),VertLevel,DistancePMJ,MEAN(area),STD(area),MEAN(angle_AP),STD(angle_AP),MEAN(angle_RL),STD(angle_RL),MEAN(diameter_AP),STD(diameter_AP),MEAN(diameter_AP_ellipse),STD(diameter_AP_ellipse),MEAN(diameter_RL),STD(diameter_RL),MEAN(length_anterior),STD(length_anterior),MEAN(length_posterior),STD(length_posterior),MEAN(eccentricity),STD(eccentricity),MEAN(orientation),STD(orientation),MEAN(solidity),STD(solidity),SUM(length)
"2026-09-29 13:37:54","git-master-bddc7a050319718b5e4e0856afec0bc9ea96418f","C:\Users\marco\Desktop\ds004507\derivatives\labels\sub-008\ses-headUp\anat\sub-008_ses-headUp_T2w_seg-manual.nii.gz","801","5","","","","","","","","","","","","","","","","","","","","","","","",""
"2026-09-29 13:37:54","git-master-bddc7a050319718b5e4e0856afec0bc9ea96418f","C:\Users\marco\Desktop\ds004507\derivatives\labels\sub-008\ses-headUp\anat\sub-008_ses-headUp_T2w_seg-manual.nii.gz","802","5","","","","","","","","","","","","","","","","","","","","","","","",""
"2026-09-29 13:37:54","git-master-bddc7a050319718b5e4e0856afec0bc9ea96418f","C:\Users\marco\Desktop\ds004507\derivatives\labels\sub-008\ses-headUp\anat\sub-008_ses-headUp_T2w_seg-manual.nii.gz","803","5","","","","","","","","","","","","","","","","","","","","","","","",""
"2026-09-29 13:37:54","git-master-bddc7a050319718b5e4e0856afec0bc9ea96418f","C:\Users\marco\Desktop\ds004507\derivatives\labels\sub-008\ses-headUp\anat\sub-008_ses-headUp_T2w_seg-manual.nii.gz","804","5","","","","","","","","","","","","","","","","","","","","","","","",""
"2026-09-29 13:37:54","git-master-bddc7a050319718b5e4e0856afec0bc9ea96418f","C:\Users\marco\Desktop\ds004507\derivatives\labels\sub-008\ses-headUp\anat\sub-008_ses-headUp_T2w_seg-manual.nii.gz","805","5","","","","","","","","","","","","","","","","","","","","","","","",""
"2026-09-29 13:37:54","git-master-bddc7a050319718b5e4e0856afec0bc9ea96418f","C:\Users\marco\Desktop\ds004507\derivatives\labels\sub-008\ses-headUp\anat\sub-008_ses-headUp_T2w_seg-manual.nii.gz","806","5","","","","","","","","","","","","","","","","","","","","","","","",""
"2026-09-29 13:37:54","git-master-bddc7a050319718b5e4e0856afec0bc9ea96418f","C:\Users\marco\Desktop\ds004507\derivatives\labels\sub-008\ses-headUp\anat\sub-008_ses-headUp_T2w_seg-manual.nii.gz","807","5","","","","","","","","","","","","","","","","","","","","","","","",""
"2026-09-29 13:37:54","git-master-bddc7a050319718b5e4e0856afec0bc9ea96418f","C:\Users\marco\Desktop\ds004507\derivatives\labels\sub-008\ses-headUp\anat\sub-008_ses-headUp_T2w_seg-manual.nii.gz","808","5","",72.36442758166764,0.0,4.231039596198395,0.0,13.728764676154253,0.0,6.50654318119399,0.0,6.742194556717017,0.0,13.899731391519039,0.0,3.330679826645841,0.0,3.1758633545481496,0.0,0.8744812377400568,0.0,-5.017522328129049,0.0,0.96594958426818,0.0,""
"2026-09-29 13:37:54","git-master-bddc7a050319718b5e4e0856afec0bc9ea96418f","C:\Users\marco\Desktop\ds004507\derivatives\labels\sub-008\ses-headUp\anat\sub-008_ses-headUp_T2w_seg-manual.nii.gz","809","5","",73.67767521911712,0.0,4.114563383121139,0.0,13.590405518169431,0.0,6.483101847360892,0.0,6.708068779847224,0.0,14.176011164869559,0.0,3.2084615115062407,0.0,3.274640335854651,0.0,0.8809126412109141,0.0,-3.23585915863878,0.0,0.9641944205295409,0.0,""
"2026-09-29 13:37:54","git-master-bddc7a050319718b5e4e0856afec0bc9ea96418f","C:\Users\marco\Desktop\ds004507\derivatives\labels\sub-008\ses-headUp\anat\sub-008_ses-headUp_T2w_seg-manual.nii.gz","810","5","",71.55405917616282,0.0,3.999201106284057,0.0,13.451351352824567,0.0,6.405817992749681,0.0,6.6668486345407825,0.0,13.775342585612144,0.0,3.0994460343293064,0.0,3.3063719584203746,0.0,0.8749110453452913,0.0,-3.9731870403471508,0.0,0.9520214400571735,0.0,""
"2026-09-29 13:37:54","git-master-bddc7a050319718b5e4e0856afec0bc9ea96418f","C:\Users\marco\Desktop\ds004507\derivatives\labels\sub-008\ses-headUp\anat\sub-008_ses-headUp_T2w_seg-manual.nii.gz","811","5","",71.40408058167978,0.0,3.884954453681989,0.0,13.311601658656551,0.0,6.278019406741044,0.0,6.6203196252335275,0.0,13.744053118165533,0.0,3.091510816683649,0.0,3.1865085900573953,0.0,0.8762355201815206,0.0,-3.830040578951933,0.0,0.9601020693420179,0.0,""
"2026-09-29 13:37:54","git-master-bddc7a050319718b5e4e0856afec0bc9ea96418f","C:\Users\marco\Desktop\ds004507\derivatives\labels\sub-008\ses-headUp\anat\sub-008_ses-headUp_T2w_seg-manual.nii.gz","812","5","",72.19266787439427,0.0,3.771825066412371,0.0,13.17115594037615,0.0,6.236564110744586,0.0,6.533974559164691,0.0,13.973421243417361,0.0,3.119685102675574,0.0,3.116879008069013,0.0,0.8838648023865199,0.0,-3.1821123226673933,0.0,0.9697364907000428,0.0,""
"2026-09-29 13:37:54","git-master-bddc7a050319718b5e4e0856afec0bc9ea96418f","C:\Users\marco\Desktop\ds004507\derivatives\labels\sub-008\ses-headUp\anat\sub-008_ses-headUp_T2w_seg-manual.nii.gz","813","5","",72.5780610665668,0.0,3.6598145392775927,0.0,13.030013729211491,0.0,6.351986207900131,0.0,6.48202873313829,0.0,14.103666494233954,0.0,3.1259685244045508,0.0,3.2260176834955803,0.0,0.8881103504326959,0.0,-3.0636629552060866,0.0,0.9618771928625401,0.0,""
"2026-09-29 13:37:54","git-master-bddc7a050319718b5e4e0856afec0bc9ea96418f","C:\Users\marco\Desktop\ds004507\derivatives\labels\sub-008\ses-headUp\anat\sub-008_ses-headUp_T2w_seg-manual.nii.gz","814","5","",74.84832871521742,0.0,3.548924421387097,0.0,12.88817458325202,0.0,6.495008425662103,0.0,6.694781702984897,0.0,14.182941732039287,0.0,3.1584477155220356,0.0,3.336560710140067,0.0,0.8815748892091592,0.0,-2.9756188285224945,0.0,0.9510461769530234,0.0,""
"2026-09-29 13:37:54","git-master-bddc7a050319718b5e4e0856afec0bc9ea96418f","C:\Users\marco\Desktop\ds004507\derivatives\labels\sub-008\ses-headUp\anat\sub-008_ses-headUp_T2w_seg-manual.nii.gz","815","5","",74.6044520582005,0.0,3.4393545887147483,0.0,12.745514927061246,0.0,6.505235751814725,0.0,6.793448089530419,0.0,14.06797766161578,0.0,3.05232609977079,0.0,3.452909652043935,0.0,0.8756542069995097,0.0,-3.8950556602409225,0.0,0.940672807517358,0.0,""
"2026-09-29 13:37:54","git-master-bddc7a050319718b5e4e0856afec0bc9ea96418f","C:\Users\marco\Desktop\ds004507\derivatives\labels\sub-008\ses-headUp\anat\sub-008_ses-headUp_T2w_seg-manual.nii.gz","816","5","",75.37834896078152,0.0,3.330974987774185,0.0,12.602116306480193,0.0,6.767953129403466,0.0,6.946969134064774,0.0,13.960805986468738,0.0,3.2150569635045305,0.0,3.5528961658989355,0.0,0.8673331499869814,0.0,-4.59715325009938,0.0,0.9457553217232383,0.0,""
"2026-09-29 13:37:54","git-master-bddc7a050319718b5e4e0856afec0bc9ea96418f","C:\Users\marco\Desktop\ds004507\derivatives\labels\sub-008\ses-headUp\anat\sub-008_ses-headUp_T2w_seg-manual.nii.gz","817","5","",75.47948740457738,0.0,3.223720964488025,0.0,12.4580194267669,0.0,6.689750961937079,0.0,6.895242095664242,0.0,14.120530487591362,0.0,3.2778136925367387,0.0,3.4119372694003407,0.0,0.8724605950319622,0.0,-5.072768421708699,0.0,0.9538781123726664,0.0,""
"2026-09-29 13:37:54","git-master-bddc7a050319718b5e4e0856afec0bc9ea96418f","C:\Users\marco\Desktop\ds004507\derivatives\labels\sub-008\ses-headUp\anat\sub-008_ses-headUp_T2w_seg-manual.nii.gz","818","5","",74.62292160326541,0.0,3.1175938376526293,0.0,12.313223997043835,0.0,6.552634891471349,0.0,6.8117748312459225,0.0,14.129808595569232,0.0,3.26400974460114,0.0,3.288625146870208,0.0,0.8760557715589469,0.0,-5.499145035297962,0.0,0.963006150373139,0.0,""
"2026-09-29 13:37:54","git-master-bddc7a050319718b5e4e0856afec0bc9ea96418f","C:\Users\marco\Desktop\ds004507\derivatives\labels\sub-008\ses-headUp\anat\sub-008_ses-headUp_T2w_seg-manual.nii.gz","819","5","",73.72164143227218,0.0,3.0125948852688205,0.0,12.167729756163899,0.0,6.550514218219104,0.0,6.794488310909771,0.0,13.98954815738548,0.0,3.2370850424361044,0.0,3.313429175782999,0.0,0.8740648394280757,0.0,-5.355569177544511,0.0,0.9688207616051049,0.0,""
"2026-09-29 13:37:54","git-master-bddc7a050319718b5e4e0856afec0bc9ea96418f","C:\Users\marco\Desktop\ds004507\derivatives\labels\sub-008\ses-headUp\anat\sub-008_ses-headUp_T2w_seg-manual.nii.gz","820","5","",74.22978098341757,0.0,2.908725345132813,0.0,12.02153647306519,0.0,6.524945315490434,0.0,6.736675718169117,0.0,14.241642389034602,0.0,3.191405333206156,0.0,3.333539982284278,0.0,0.8810402759568869,0.0,-3.8661443311668116,0.0,0.9642574860077597,0.0,""
"2026-09-29 13:37:54","git-master-bddc7a050319718b5e4e0856afec0bc9ea96418f","C:\Users\marco\Desktop\ds004507\derivatives\labels\sub-008\ses-headUp\anat\sub-008_ses-headUp_T2w_seg-manual.nii.gz","821","5","",75.17303599295609,0.0,2.806119623457407,0.0,11.874561657715429,0.0,6.534305273154208,0.0,6.693335605919594,0.0,14.372867825888525,0.0,3.1702496707755876,0.0,3.364055602378621,0.0,0.8849389062407954,0.0,-4.32642890622089,0.0,0.9599953939641408,0.0,""
"2026-09-29 13:37:54","git-master-bddc7a050319718b5e4e0856afec0bc9ea96418f","C:\Users\marco\Desktop\ds004507\derivatives\labels\sub-008\ses-headUp\anat\sub-008_ses-headUp_T2w_seg-manual.nii.gz","822","5","",73.14684143652156,0.0,2.7047793780741043,0.0,11.726805092963376,0.0,6.302752220499525,0.0,6.543516370110179,0.0,14.248954578925835,0.0,3.1176487293851207,0.0,3.185103491114405,0.0,0.8883200080416238,0.0,-5.6306495400959475,0.0,0.9558890466763463,0.0,""
"2026-09-29 13:37:54","git-master-bddc7a050319718b5e4e0856afec0bc9ea96418f","C:\Users\marco\Desktop\ds004507\derivatives\labels\sub-008\ses-headUp\anat\sub-008_ses-headUp_T2w_seg-manual.nii.gz","823","5","",71.2316299200022,0.0,2.6045726476358695,0.0,11.57834894990547,0.0,6.362776287896473,0.0,6.456939489112804,0.0,13.912689300862022,0.0,3.216315767981404,0.0,3.146460519915069,0.0,0.8857080687472512,0.0,-5.582099312776922,0.0,0.9622836519164902,0.0,""
"2026-09-29 13:37:54","git-master-bddc7a050319718b5e4e0856afec0bc9ea96418f","C:\Users\marco\Desktop\ds004507\derivatives\labels\sub-008\ses-headUp\anat\sub-008_ses-headUp_T2w_seg-manual.nii.gz","824","5","",71.04951798846672,0.0,2.505500468310672,0.0,11.429193165750132,0.0,6.4980288381824085,0.0,6.484568106125578,0.0,13.74238468141267,0.0,3.2816130216579036,0.0,3.216415816524505,0.0,0.8816649983135763,0.0,-5.318585416296483,0.0,0.9696301800600191,0.0,""
"2026-09-29 13:37:54","git-master-bddc7a050319718b5e4e0856afec0bc9ea96418f","C:\Users\marco\Desktop\ds004507\derivatives\labels\sub-008\ses-headUp\anat\sub-008_ses-headUp_T2w_seg-manual.nii.gz","825","5","",72.0898290289679,0.0,2.4075638408310636,0.0,11.279337710732182,0.0,6.557454673050548,0.0,6.597594467009047,0.0,13.812964803176083,0.0,3.230546642514767,0.0,3.3269080305357805,0.0,0.8785576942509515,0.0,-5.505911235832021,0.0,0.972582887322685,0.0,""
"2026-09-29 13:37:54","git-master-bddc7a050319718b5e4e0856afec0bc9ea96418f","C:\Users\marco\Desktop\ds004507\derivatives\labels\sub-008\ses-headUp\anat\sub-008_ses-headUp_T2w_seg-manual.nii.gz","826","5","",72.51404119142322,0.0,2.310763731064886,0.0,11.128782588474637,0.0,6.574281063285334,0.0,6.711903412293354,0.0,13.877249801376404,0.0,3.1433781528689075,0.0,3.4309029104164273,0.0,0.8752289408160229,0.0,-5.673942550947416,0.0,0.9691325277440264,0.0,""
"2026-09-29 13:37:54","git-master-bddc7a050319718b5e4e0856afec0bc9ea96418f","C:\Users\marco\Desktop\ds004507\derivatives\labels\sub-008\ses-headUp\anat\sub-008_ses-headUp_T2w_seg-manual.nii.gz","827","5","",71.630878024164,0.0,2.215168051039236,0.0,10.977486689064696,0.0,6.683110598050469,0.0,6.730137387356391,0.0,13.633061232347355,0.0,3.197404354113271,0.0,3.485706243937199,0.0,0.8696436906125555,0.0,-4.261717430928202,0.0,0.9446234311365658,0.0,""
"2026-09-29 13:37:54","git-master-bddc7a050319718b5e4e0856afec0bc9ea96418f","C:\Users\marco\Desktop\ds004507\derivatives\labels\sub-008\ses-headUp\anat\sub-008_ses-headUp_T2w_seg-manual.nii.gz","828","5","",71.62910792396308,0.0,2.120911980096127,0.0,10.82536784393409,0.0,6.782551068602258,0.0,6.8640348811900775,0.0,13.454842720081148,0.0,3.2816396895075712,0.0,3.500911379094687,0.0,0.8600036663503247,0.0,-4.568959459584336,0.0,0.9481115561146956,0.0,""
"2026-09-29 13:37:54","git-master-bddc7a050319718b5e4e0856afec0bc9ea96418f","C:\Users\marco\Desktop\ds004507\derivatives\labels\sub-008\ses-headUp\anat\sub-008_ses-headUp_T2w_seg-manual.nii.gz","829","5","",71.09186155931685,0.0,2.027795602750152,0.0,10.672549669398526,0.0,6.736618734630024,0.0,6.8053656367984905,0.0,13.447723074497445,0.0,3.3159423860042576,0.0,3.4206763486257667,0.0,0.8624617505791299,0.0,-4.7935271748252415,0.0,0.9470223504800978,0.0,""
"2026-09-29 13:37:54","git-master-bddc7a050319718b5e4e0856afec0bc9ea96418f","C:\Users\marco\Desktop\ds004507\derivatives\labels\sub-008\ses-headUp\anat\sub-008_ses-headUp_T2w_seg-manual.nii.gz","830","5","",71.31766927706944,0.0,1.9358197109731097,0.0,10.519032354919002,0.0,6.641817574559325,0.0,6.767936597166589,0.0,13.553316189744422,0.0,3.306697439229767,0.0,3.3351201353295585,0.0,0.8663844463359475,0.0,-4.568647404532643,0.0,0.9571007113331336,0.0,""
"2026-09-29 13:37:54","git-master-bddc7a050319718b5e4e0856afec0bc9ea96418f","C:\Users\marco\Desktop\ds004507\derivatives\labels\sub-008\ses-headUp\anat\sub-008_ses-headUp_T2w_seg-manual.nii.gz","831","5","",71.75730361460646,0.0,1.844985066448331,0.0,10.36481612632485,0.0,6.568321770854694,0.0,6.750159572610018,0.0,13.684843832166937,0.0,3.27230058066847,0.0,3.296021190186224,0.0,0.8698471083477384,0.0,-4.247551128295451,0.0,0.9690188097886613,0.0,""
"2026-09-29 13:37:54","git-master-bddc7a050319718b5e4e0856afec0bc9ea96418f","C:\Users\marco\Desktop\ds004507\derivatives\labels\sub-008\ses-headUp\anat\sub-008_ses-headUp_T2w_seg-manual.nii.gz","832","5","",71.47038045916103,0.0,1.755292401113784,0.0,10.209901246177944,0.0,6.5383853447359295,0.0,6.669357633115003,0.0,13.769862522328163,0.0,3.215845712502007,0.0,3.3225396322339225,0.0,0.8748736468985122,0.0,-4.222496063220488,0.0,0.9678325377218395,0.0,""
"2026-09-29 13:37:54","git-master-bddc7a050319718b5e4e0856afec0bc9ea96418f","C:\Users\marco\Desktop\ds004507\derivatives\labels\sub-008\ses-headUp\anat\sub-008_ses-headUp_T2w_seg-manual.nii.gz","833","5","",71.50931291623407,0.0,1.666742417704008,0.0,10.054288014136912,0.0,6.527859057492638,0.0,6.616055252552631,0.0,13.790314263219223,0.0,3.097054998056006,0.0,3.430804059436632,0.0,0.8773992036749183,0.0,-4.06509581472825,0.0,0.9657665030005456,0.0,""
"2026-09-29 13:37:54","git-master-bddc7a050319718b5e4e0856afec0bc9ea96418f","C:\Users\marco\Desktop\ds004507\derivatives\labels\sub-008\ses-headUp\anat\sub-008_ses-headUp_T2w_seg-manual.nii.gz","834","4","",72.59326910796827,0.0,1.5630074583541502,0.0,9.868007859522674,0.0,6.604122809981192,0.0,6.635852335914404,0.0,13.944462966382467,0.0,3.2343796659290462,0.0,3.369743144052146,0.0,0.8795117208105847,0.0,-3.8697672453685303,0.0,0.9356474258970359,0.0,""
"2026-09-29 13:37:54","git-master-bddc7a050319718b5e4e0856afec0bc9ea96418f","C:\Users\marco\Desktop\ds004507\derivatives\labels\sub-008\ses-headUp\anat\sub-008_ses-headUp_T2w_seg-manual.nii.gz","835","4","",72.94071856030689,0.0,1.4751292829995677,0.0,9.706716862688914,0.0,6.595227590322998,0.0,6.675816231139963,0.0,13.907160134440394,0.0,3.14234846621773,0.0,3.452879124105268,0.0,0.8772505243427644,0.0,-4.744207738235286,0.0,0.9456513243476086,0.0,""
"2026-09-29 13:37:54","git-master-bddc7a050319718b5e4e0856afec0bc9ea96418f","C:\Users\marco\Desktop\ds004507\derivatives\labels\sub-008\ses-headUp\anat\sub-008_ses-headUp_T2w_seg-manual.nii.gz","836","4","",72.2531304721379,0.0,1.3884673361829856,0.0,9.544685860492358,0.0,6.732060754671336,0.0,6.74950770464931,0.0,13.563333576128935,0.0,3.3100610738630105,0.0,3.4219996808083253,0.0,0.8672104818427401,0.0,-4.659953840887419,0.0,0.9528625018755272,0.0,""
"2026-09-29 13:37:54","git-master-bddc7a050319718b5e4e0856afec0bc9ea96418f","C:\Users\marco\Desktop\ds004507\derivatives\labels\sub-008\ses-headUp\anat\sub-008_ses-headUp_T2w_seg-manual.nii.gz","837","4","",73.03703410592826,0.0,1.3030222323907925,0.0,9.381915440133401,0.0,6.707668019531097,0.0,6.7744138130649185,0.0,13.756837649976069,0.0,3.299596804168563,0.0,3.408071215362533,0.0,0.8701603017457968,0.0,-4.548340313089259,0.0,0.9503538347346159,0.0,""
"2026-09-29 13:37:54","git-master-bddc7a050319718b5e4e0856afec0bc9ea96418f","C:\Users\marco\Desktop\ds004507\derivatives\labels\sub-008\ses-headUp\anat\sub-008_ses-headUp_T2w_seg-manual.nii.gz","838","4","",73.99602544818866,0.0,1.2187945558663582,0.0,9.218406238642126,0.0,6.604662185976039,0.0,6.707232309186037,0.0,14.083251271672493,0.0,3.176668439260156,0.0,3.427993746715883,0.0,0.8792124866288359,0.0,-4.535800037576484,0.0,0.9540043566471413,0.0,""
"2026-09-29 13:37:54","git-master-bddc7a050319718b5e4e0856afec0bc9ea96418f","C:\Users\marco\Desktop\ds004507\derivatives\labels\sub-008\ses-headUp\anat\sub-008_ses-headUp_T2w_seg-manual.nii.gz","839","4","",73.92365145250778,0.0,1.1357848613780328,0.0,9.054158943428098,0.0,6.5513517056602275,0.0,6.658827778303981,0.0,14.133957690840797,0.0,3.1142953469356205,0.0,3.4370563587246075,0.0,0.8820017997498161,0.0,-4.252731606786121,0.0,0.9632539787324231,0.0,""
"2026-09-29 13:37:54","git-master-bddc7a050319718b5e4e0856afec0bc9ea96418f","C:\Users\marco\Desktop\ds004507\derivatives\labels\sub-008\ses-headUp\anat\sub-008_ses-headUp_T2w_seg-manual.nii.gz","840","4","",73.21651718055843,0.0,1.0539936749811911,0.0,8.88917429282886,0.0,6.56355804736353,0.0,6.764766013528534,0.0,13.940790197705791,0.0,3.133083729256219,0.0,3.430474318107312,0.0,0.8743106507307786,0.0,-3.856617301662573,0.0,0.9582106646325642,0.0,""
"2026-09-29 13:37:54","git-master-bddc7a050319718b5e4e0856afec0bc9ea96418f","C:\Users\marco\Desktop\ds004507\derivatives\labels\sub-008\ses-headUp\anat\sub-008_ses-headUp_T2w_seg-manual.nii.gz","841","4","",73.29282524815537,0.0,0.9734214947743115,0.0,8.723453076657142,0.0,6.555865886862698,0.0,6.900726673894711,0.0,13.757570089231665,0.0,3.0115545799693093,0.0,3.5443113068933885,0.0,0.8651019961930789,0.0,-5.192486400467318,0.0,0.927743478639444,0.0,""
"2026-09-29 13:37:54","git-master-bddc7a050319718b5e4e0856afec0bc9ea96418f","C:\Users\marco\Desktop\ds004507\derivatives\labels\sub-008\ses-headUp\anat\sub-008_ses-headUp_T2w_seg-manual.nii.gz","842","4","",74.00506567882688,0.0,0.894256498116122,0.0,8.556883151700161,0.0,6.6044029620721485,0.0,6.925050799483403,0.0,13.876421929007691,0.0,3.1143331117889175,0.0,3.4900698502832306,0.0,0.8665699297357478,0.0,-5.955420007297498,0.0,0.9496780134778885,0.0,""
"2026-09-29 13:37:54","git-master-bddc7a050319718b5e4e0856afec0bc9ea96418f","C:\Users\marco\Desktop\ds004507\derivatives\labels\sub-008\ses-headUp\anat\sub-008_ses-headUp_T2w_seg-manual.nii.gz","843","4","",74.30084069631532,0.0,0.8163585201106014,0.0,8.38955057767904,0.0,6.698223459208138,0.0,6.836308259899822,0.0,13.975189559095915,0.0,3.2683165957230234,0.0,3.429906863485115,0.0,0.8721522963819098,0.0,-5.8299560890540345,0.0,0.941151643678609,0.0,""
"2026-09-29 13:37:54","git-master-bddc7a050319718b5e4e0856afec0bc9ea96418f","C:\Users\marco\Desktop\ds004507\derivatives\labels\sub-008\ses-headUp\anat\sub-008_ses-headUp_T2w_seg-manual.nii.gz","844","4","",73.53579601566582,0.0,0.7396810509807706,0.0,8.221484643501228,0.0,6.615618582663778,0.0,6.734413179042203,0.0,13.989164165190832,0.0,3.3024187327749552,0.0,3.313199849888823,0.0,0.876491374834538,0.0,-5.422677337971497,0.0,0.9463972535011778,0.0,""
"2026-09-29 13:37:54","git-master-bddc7a050319718b5e4e0856afec0bc9ea96418f","C:\Users\marco\Desktop\ds004507\derivatives\labels\sub-008\ses-headUp\anat\sub-008_ses-headUp_T2w_seg-manual.nii.gz","845","4","",72.68351522863671,0.0,0.664224463347884,0.0,8.052686402395533,0.0,6.580671126406423,0.0,6.698993969963568,0.0,13.879471827674811,0.0,3.3077240326105968,0.0,3.272947093795826,0.0,0.8757768628625459,0.0,-5.067006356778089,0.0,0.955509523265206,0.0,""
"2026-09-29 13:37:54","git-master-bddc7a050319718b5e4e0856afec0bc9ea96418f","C:\Users\marco\Desktop\ds004507\derivatives\labels\sub-008\ses-headUp\anat\sub-008_ses-headUp_T2w_seg-manual.nii.gz","846","4","",72.45545495250653,0.0,0.5899891068114997,0.0,7.883156962734492,0.0,6.620843821904713,0.0,6.713860598607681,0.0,13.77549263165871,0.0,3.306622871106602,0.0,3.3142209507981115,0.0,0.8731915284681153,0.0,-4.763896269229523,0.0,0.9609375419124945,0.0,""
"2026-09-29 13:37:54","git-master-bddc7a050319718b5e4e0856afec0bc9ea96418f","C:\Users\marco\Desktop\ds004507\derivatives\labels\sub-008\ses-headUp\anat\sub-008_ses-headUp_T2w_seg-manual.nii.gz","847","4","",72.44630720272419,0.0,0.5169753086412403,0.0,7.7128974885612935,0.0,6.617157586827998,0.0,6.709809489998018,0.0,13.765754551085477,0.0,3.266208970163258,0.0,3.35094861666474,0.0,0.8731627480007621,0.0,-4.631556389600882,0.0,0.9650449680372792,0.0,""
"2026-09-29 13:37:54","git-master-bddc7a050319718b5e4e0856afec0bc9ea96418f","C:\Users\marco\Desktop\ds004507\derivatives\labels\sub-008\ses-headUp\anat\sub-008_ses-headUp_T2w_seg-manual.nii.gz","848","4","",71.31629990632521,0.0,0.44518337446194073,0.0,7.541909200114048,0.0,6.60427607183169,0.0,6.6606340149222625,0.0,13.658256748155546,0.0,3.2241853502985633,0.0,3.3800907215331266,0.0,0.8730295109567107,0.0,-5.255756421267132,0.0,0.9683003999275674,0.0,""
"2026-09-29 13:37:54","git-master-bddc7a050319718b5e4e0856afec0bc9ea96418f","C:\Users\marco\Desktop\ds004507\derivatives\labels\sub-008\ses-headUp\anat\sub-008_ses-headUp_T2w_seg-manual.nii.gz","849","4","",71.34536348830335,0.0,0.37475464670418657,0.0,7.370109644972596,0.0,6.605705901325769,0.0,6.64206654150346,0.0,13.744649479179978,0.0,3.0953898703414366,0.0,3.510316030984332,0.0,0.8754807425923747,0.0,-5.168840237998087,0.0,0.969087432252243,0.0,""
"2026-09-29 13:37:54","git-master-bddc7a050319718b5e4e0856afec0bc9ea96418f","C:\Users\marco\Desktop\ds004507\derivatives\labels\sub-008\ses-headUp\anat\sub-008_ses-headUp_T2w_seg-manual.nii.gz","850","4","",72.74814710001505,0.0,0.30564245815186086,0.0,7.1975286156668385,0.0,6.71031939718108,0.0,6.755485858616354,0.0,13.673839926802096,0.0,3.080794268391782,0.0,3.629525128789298,0.0,0.869398711784691,0.0,-6.025513600248613,0.0,0.959663543524497,0.0,""
"2026-09-29 13:37:54","git-master-bddc7a050319718b5e4e0856afec0bc9ea96418f","C:\Users\marco\Desktop\ds004507\derivatives\labels\sub-008\ses-headUp\anat\sub-008_ses-headUp_T2w_seg-manual.nii.gz","851","4","",72.93880962239534,0.0,0.23775302236175874,0.0,7.024223508856574,0.0,6.663586330872968,0.0,6.817623507917514,0.0,13.655205283462179,0.0,3.049002959375582,0.0,3.6145833714973863,0.0,0.8664453792241394,0.0,-6.46510381145307,0.0,0.9511140204700202,0.0,""
"2026-09-29 13:37:54","git-master-bddc7a050319718b5e4e0856afec0bc9ea96418f","C:\Users\marco\Desktop\ds004507\derivatives\labels\sub-008\ses-headUp\anat\sub-008_ses-headUp_T2w_seg-manual.nii.gz","852","4","",72.29525248301107,0.0,0.17108654929452644,0.0,6.850195830940382,0.0,6.67618321900395,0.0,6.8905948672356185,0.0,13.533873071881189,0.0,3.060203906035694,0.0,3.6159793129682565,0.0,0.8605768242269382,0.0,-7.183943713720641,0.0,0.9476024940675536,0.0,""
"2026-09-29 13:37:54","git-master-bddc7a050319718b5e4e0856afec0bc9ea96418f","C:\Users\marco\Desktop\ds004507\derivatives\labels\sub-008\ses-headUp\anat\sub-008_ses-headUp_T2w_seg-manual.nii.gz","853","4","",71.65067311846038,0.0,0.10564323170131204,0.0,6.675447147976533,0.0,6.821882636854311,0.0,6.911170118138698,0.0,13.406476749248315,0.0,3.1578926119392996,0.0,3.6639900249150115,0.0,0.8568754596172728,0.0,-7.566232651278272,0.0,0.9487181635454052,0.0,""
"2026-09-29 13:37:54","git-master-bddc7a050319718b5e4e0856afec0bc9ea96418f","C:\Users\marco\Desktop\ds004507\derivatives\labels\sub-008\ses-headUp\anat\sub-008_ses-headUp_T2w_seg-manual.nii.gz","854","4","",71.28552147361245,0.0,0.041423245739359835,0.0,6.499979086172601,0.0,6.954162158390319,0.0,6.822824085518929,0.0,13.415592452564553,0.0,3.271064559322247,0.0,3.683097599068072,0.0,0.8609958373910047,0.0,-7.175259072658448,0.0,0.9499753104507335,0.0,""
"2026-09-29 13:37:54","git-master-bddc7a050319718b5e4e0856afec0bc9ea96418f","C:\Users\marco\Desktop\ds004507\derivatives\labels\sub-008\ses-headUp\anat\sub-008_ses-headUp_T2w_seg-manual.nii.gz","855","4","",70.60215638612924,0.0,-0.021573248419425727,0.0,6.3237933323708955,0.0,6.82862945443482,0.0,6.726708269345986,0.0,13.478495819093146,0.0,3.2247412758591256,0.0,3.6038881785756947,0.0,0.8665511196630199,0.0,-7.259999389601746,0.0,0.9455135359570495,0.0,""
"2026-09-29 13:37:54","git-master-bddc7a050319718b5e4e0856afec0bc9ea96418f","C:\Users\marco\Desktop\ds004507\derivatives\labels\sub-008\ses-headUp\anat\sub-008_ses-headUp_T2w_seg-manual.nii.gz","856","4","",69.11088648598158,0.0,-0.08325196737197776,0.0,6.146836750313452,0.0,6.494448751539596,0.0,6.6327583878651835,0.0,13.554925812446342,0.0,3.0593630879843494,0.0,3.435085663555247,0.0,0.8720944630091566,0.0,-7.70021848465758,0.0,0.9389823984703397,0.0,""
"2026-09-29 13:37:54","git-master-bddc7a050319718b5e4e0856afec0bc9ea96418f","C:\Users\marco\Desktop\ds004507\derivatives\labels\sub-008\ses-headUp\anat\sub-008_ses-headUp_T2w_seg-manual.nii.gz","857","4","",69.02616845137902,0.0,-0.14356567640735218,0.0,5.969084347120443,0.0,6.486909690879822,0.0,6.600652498232992,0.0,13.581510885996476,0.0,3.1552058391617894,0.0,3.331703851718032,0.0,0.873955352113377,0.0,-7.949977885502707,0.0,0.9468753266125711,0.0,""
"2026-09-29 13:37:54","git-master-bddc7a050319718b5e4e0856afec0bc9ea96418f","C:\Users\marco\Desktop\ds004507\derivatives\labels\sub-008\ses-headUp\anat\sub-008_ses-headUp_T2w_seg-manual.nii.gz","858","4","",67.84100112486087,0.0,-0.2026554620604436,0.0,5.790620642294788,0.0,6.480812969167011,0.0,6.509752924580059,0.0,13.424790209266863,0.0,3.152707086482592,0.0,3.328105882684419,0.0,0.8745680534984557,0.0,-7.942316452833039,0.0,0.9480320150310163,0.0,""
"2026-09-29 13:37:54","git-master-bddc7a050319718b5e4e0856afec0bc9ea96418f","C:\Users\marco\Desktop\ds004507\derivatives\labels\sub-008\ses-headUp\anat\sub-008_ses-headUp_T2w_seg-manual.nii.gz","859","4","",67.06881789078355,0.0,-0.26052123328969173,0.0,5.6114476299404945,0.0,6.485467098984464,0.0,6.454174601072691,0.0,13.305500923703445,0.0,3.160149174677445,0.0,3.3253179243070186,0.0,0.8744715104080548,0.0,-7.846587086173159,0.0,0.9466977883044079,0.0,""
"2026-09-29 13:37:54","git-master-bddc7a050319718b5e4e0856afec0bc9ea96418f","C:\Users\marco\Desktop\ds004507\derivatives\labels\sub-008\ses-headUp\anat\sub-008_ses-headUp_T2w_seg-manual.nii.gz","860","4","",67.32768447144032,0.0,-0.3171629111347749,0.0,5.431567367945025,0.0,6.461378596000117,0.0,6.484596870625989,0.0,13.296865160735564,0.0,3.162454769560934,0.0,3.2989238264391827,0.0,0.8730211014818696,0.0,-7.626039286663821,0.0,0.9425332978497301,0.0,""
"2026-09-29 13:37:54","git-master-bddc7a050319718b5e4e0856afec0bc9ea96418f","C:\Users\marco\Desktop\ds004507\derivatives\labels\sub-008\ses-headUp\anat\sub-008_ses-headUp_T2w_seg-manual.nii.gz","861","4","",67.90021451975713,0.0,-0.3725804281809111,0.0,5.250981978414204,0.0,6.437611839681491,0.0,6.54858859049962,0.0,13.315700700803436,0.0,3.150310271581237,0.0,3.2873015681002533,0.0,0.8707087851334618,0.0,-7.239335461500655,0.0,0.9368663923919673,0.0,""
"2026-09-29 13:37:54","git-master-bddc7a050319718b5e4e0856afec0bc9ea96418f","C:\Users\marco\Desktop\ds004507\derivatives\labels\sub-008\ses-headUp\anat\sub-008_ses-headUp_T2w_seg-manual.nii.gz","862","4","",67.76869529992099,0.0,-0.4267737280304382,0.0,5.069693648101318,0.0,6.506449562220232,0.0,6.552235190240956,0.0,13.24444550310085,0.0,3.188803363540581,0.0,3.3176461986796517,0.0,0.8690449298332689,0.0,-6.835228657350258,0.0,0.9363799481411856,0.0,""
"2026-09-29 13:37:54","git-master-bddc7a050319718b5e4e0856afec0bc9ea96418f","C:\Users\marco\Desktop\ds004507\derivatives\labels\sub-008\ses-headUp\anat\sub-008_ses-headUp_T2w_seg-manual.nii.gz","863","4","",68.72171276409914,0.0,-0.47969567613001807,0.0,4.887677795076603,0.0,6.405317706884366,0.0,6.638043023168636,0.0,13.19130625204615,0.0,3.1493724266213023,0.0,3.255945280263064,0.0,0.8641593891045146,0.0,-6.767216241444215,0.0,0.941931982525585,0.0,""
"2026-09-29 13:37:54","git-master-bddc7a050319718b5e4e0856afec0bc9ea96418f","C:\Users\marco\Desktop\ds004507\derivatives\labels\sub-008\ses-headUp\anat\sub-008_ses-headUp_T2w_seg-manual.nii.gz","864","4","",68.76976047349892,0.0,-0.5312049646797937,0.0,4.7048569294393605,0.0,6.400785108590404,0.0,6.687955400314934,0.0,13.207853524836255,0.0,3.1796258615629664,0.0,3.2211592470274373,0.0,0.8623201798506993,0.0,-7.080928089771815,0.0,0.9504392633439812,0.0,""
"2026-09-29 13:37:54","git-master-bddc7a050319718b5e4e0856afec0bc9ea96418f","C:\Users\marco\Desktop\ds004507\derivatives\labels\sub-008\ses-headUp\anat\sub-008_ses-headUp_T2w_seg-manual.nii.gz","865","4","",68.78699973196292,0.0,-0.5814899235974806,0.0,4.521341278073444,0.0,6.487778496895604,0.0,6.692358668019674,0.0,13.119636612154327,0.0,3.226849893644376,0.0,3.2609286032512284,0.0,0.8601043659377072,0.0,-6.890051155187138,0.0,0.9451355010325525,0.0,""
"2026-09-29 13:37:54","git-master-bddc7a050319718b5e4e0856afec0bc9ea96418f","C:\Users\marco\Desktop\ds004507\derivatives\labels\sub-008\ses-headUp\anat\sub-008_ses-headUp_T2w_seg-manual.nii.gz","866","4","",68.82204933242761,0.0,-0.6305505425175393,0.0,4.33713335370938,0.0,6.575404253769687,0.0,6.711516049274763,0.0,13.096411729909663,0.0,3.284609925648445,0.0,3.2907943281212417,0.0,0.8587052439986881,0.0,-6.6903208132960925,0.0,0.9596391932728304,0.0,""
"2026-09-29 13:37:54","git-master-bddc7a050319718b5e4e0856afec0bc9ea96418f","C:\Users\marco\Desktop\ds004507\derivatives\labels\sub-008\ses-headUp\anat\sub-008_ses-headUp_T2w_seg-manual.nii.gz","867","4","",68.24878168126028,0.0,-0.6783868187374699,0.0,4.152235736435978,0.0,6.60763105554057,0.0,6.6844951533526,0.0,13.058608184550346,0.0,3.281243090350181,0.0,3.326387965190389,0.0,0.859056900574077,0.0,-6.658809315955577,0.0,0.967008857424477,0.0,""
"2026-09-29 13:37:54","git-master-bddc7a050319718b5e4e0856afec0bc9ea96418f","C:\Users\marco\Desktop\ds004507\derivatives\labels\sub-008\ses-headUp\anat\sub-008_ses-headUp_T2w_seg-manual.nii.gz","868","4","",67.61970429232532,0.0,-0.7249987567641137,0.0,3.966651074061979,0.0,6.624756815651338,0.0,6.652903072467729,0.0,13.007220375414583,0.0,3.2359361811161556,0.0,3.388820634535183,0.0,0.859295657249051,0.0,-6.900328044506567,0.0,0.9586232464005453,0.0,""
"2026-09-29 13:37:54","git-master-bddc7a050319718b5e4e0856afec0bc9ea96418f","C:\Users\marco\Desktop\ds004507\derivatives\labels\sub-008\ses-headUp\anat\sub-008_ses-headUp_T2w_seg-manual.nii.gz","869","4","",68.15741998313064,0.0,-0.7703863678673611,0.0,3.7803820824701497,0.0,6.69549058570507,0.0,6.7201645506484455,0.0,13.055614428947756,0.0,3.2500201323790914,0.0,3.445470453325978,0.0,0.857349177106465,0.0,-7.317321979619275,0.0,0.9610846199796949,0.0,""
"2026-09-29 13:37:54","git-master-bddc7a050319718b5e4e0856afec0bc9ea96418f","C:\Users\marco\Desktop\ds004507\derivatives\labels\sub-008\ses-headUp\anat\sub-008_ses-headUp_T2w_seg-manual.nii.gz","870","4","",68.17113418648277,0.0,-0.8145496696412681,0.0,3.5934315459637975,0.0,6.696324818838116,0.0,6.650844341242359,0.0,13.020386892400603,0.0,3.2739400817273636,0.0,3.4223847371107525,0.0,0.8596981737339238,0.0,-6.886041246474801,0.0,0.9606198464600512,0.0,""
"2026-09-29 13:37:54","git-master-bddc7a050319718b5e4e0856afec0bc9ea96418f","C:\Users\marco\Desktop\ds004507\derivatives\labels\sub-008\ses-headUp\anat\sub-008_ses-headUp_T2w_seg-manual.nii.gz","871","3","",68.91156171370488,0.0,-0.8641409300703571,0.0,3.3753889476682004,0.0,6.699338163047242,0.0,6.667811741022607,0.0,13.114752694818728,0.0,3.206808542906788,0.0,3.492529620140454,0.0,0.8611088155122858,0.0,-6.992070759842964,0.0,0.9671341549794589,0.0,""
"2026-09-29 13:37:54","git-master-bddc7a050319718b5e4e0856afec0bc9ea96418f","C:\Users\marco\Desktop\ds004507\derivatives\labels\sub-008\ses-headUp\anat\sub-008_ses-headUp_T2w_seg-manual.nii.gz","872","3","",68.92141126768928,0.0,-0.8974021525592334,0.0,3.2233220979809363,0.0,6.702525111114938,0.0,6.7305521878747445,0.0,13.111534358432827,0.0,3.2254369299336743,0.0,3.4770881811812635,0.0,0.858182231277059,0.0,-7.147731417622142,0.0,0.9685602105979096,0.0,""
"2026-09-29 13:37:54","git-master-bddc7a050319718b5e4e0856afec0bc9ea96418f","C:\Users\marco\Desktop\ds004507\derivatives\labels\sub-008\ses-headUp\anat\sub-008_ses-headUp_T2w_seg-manual.nii.gz","873","3","",68.64856159886592,0.0,-0.9300041946270557,0.0,3.070894194515782,0.0,6.705811413307978,0.0,6.762173070040282,0.0,13.059746178004234,0.0,3.2397045638866615,0.0,3.4661068494213163,0.0,0.8554941041554034,0.0,-7.311327711782647,0.0,0.967936382246896,0.0,""
"2026-09-29 13:37:54","git-master-bddc7a050319718b5e4e0856afec0bc9ea96418f","C:\Users\marco\Desktop\ds004507\derivatives\labels\sub-008\ses-headUp\anat\sub-008_ses-headUp_T2w_seg-manual.nii.gz","874","3","",68.15350306062582,0.0,-0.9619470624076837,0.0,2.9181056872100015,0.0,6.708650998495952,0.0,6.765203950267059,0.0,12.97584704970375,0.0,3.243552624539465,0.0,3.4650983739564873,0.0,0.853331474080678,0.0,-7.442307992798587,0.0,0.9660834398004465,0.0,""
"2026-09-29 13:37:54","git-master-bddc7a050319718b5e4e0856afec0bc9ea96418f","C:\Users\marco\Desktop\ds004507\derivatives\labels\sub-008\ses-headUp\anat\sub-008_ses-headUp_T2w_seg-manual.nii.gz","875","3","",67.65779881141236,0.0,-0.9928541202225775,0.0,2.7647531092217554,0.0,6.707642189972169,0.0,6.737882784232393,0.0,12.936322452683976,0.0,3.1961167248929008,0.0,3.5115254650792687,0.0,0.8536485218385771,0.0,-7.288379796366717,0.0,0.9670282301924759,0.0,""
"2026-09-29 13:37:54","git-master-bddc7a050319718b5e4e0856afec0bc9ea96418f","C:\Users\marco\Desktop\ds004507\derivatives\labels\sub-008\ses-headUp\anat\sub-008_ses-headUp_T2w_seg-manual.nii.gz","876","3","",67.31806548852403,0.0,-1.0229608178299394,0.0,2.610967283101963,0.0,6.758857200975882,0.0,6.72120360420962,0.0,12.845401714051736,0.0,3.2390078556322774,0.0,3.519849345343605,0.0,0.8521698005156414,0.0,-7.085312162098301,0.0,0.9508088781181557,0.0,""
"2026-09-29 13:37:54","git-master-bddc7a050319718b5e4e0856afec0bc9ea96418f","C:\Users\marco\Desktop\ds004507\derivatives\labels\sub-008\ses-headUp\anat\sub-008_ses-headUp_T2w_seg-manual.nii.gz","877","3","",67.17777875331957,0.0,-1.0524084099114466,0.0,2.4568256173734992,0.0,6.84393028159892,0.0,6.730680610552473,0.0,12.737555199495596,0.0,3.318268351355562,0.0,3.5256619302433574,0.0,0.8489546991644905,0.0,-6.9115507537015946,0.0,0.9343119815796285,0.0,""
"2026-09-29 13:37:54","git-master-bddc7a050319718b5e4e0856afec0bc9ea96418f","C:\Users\marco\Desktop\ds004507\derivatives\labels\sub-008\ses-headUp\anat\sub-008_ses-headUp_T2w_seg-manual.nii.gz","878","3","",67.43664561635511,0.0,-1.080961528137009,0.0,2.3022027508841956,0.0,6.958396851622567,0.0,6.807126894564822,0.0,12.652700723191176,0.0,3.378093516403743,0.0,3.580303335218823,0.0,0.8429171090993536,0.0,-6.903819791458983,0.0,0.9425141320307702,0.0,""
"2026-09-29 13:37:54","git-master-bddc7a050319718b5e4e0856afec0bc9ea96418f","C:\Users\marco\Desktop\ds004507\derivatives\labels\sub-008\ses-headUp\anat\sub-008_ses-headUp_T2w_seg-manual.nii.gz","879","3","",67.69480068385468,0.0,-1.1085731467653115,0.0,2.1470766229946014,0.0,6.972176032358019,0.0,6.845950138769211,0.0,12.639268625077513,0.0,3.390047550111748,0.0,3.582128482246271,0.0,0.8406079850342807,0.0,-7.022140536047602,0.0,0.9511626141344243,0.0,""
"2026-09-29 13:37:54","git-master-bddc7a050319718b5e4e0856afec0bc9ea96418f","C:\Users\marco\Desktop\ds004507\derivatives\labels\sub-008\ses-headUp\anat\sub-008_ses-headUp_T2w_seg-manual.nii.gz","880","3","",67.58976221825105,0.0,-1.1355257400851921,0.0,1.9915997219914587,0.0,6.948361777625229,0.0,6.8472010429508,0.0,12.621926189551617,0.0,3.3956911531023146,0.0,3.552670624522915,0.0,0.840066652724135,0.0,-7.197597318313346,0.0,0.9542234641881939,0.0,""
"2026-09-29 13:37:54","git-master-bddc7a050319718b5e4e0856afec0bc9ea96418f","C:\Users\marco\Desktop\ds004507\derivatives\labels\sub-008\ses-headUp\anat\sub-008_ses-headUp_T2w_seg-manual.nii.gz","881","3","",66.83936271403545,0.0,-1.1617251771222161,0.0,1.8357228960754712,0.0,6.90246469952143,0.0,6.798378027006504,0.0,12.56588876387475,0.0,3.4113922709686246,0.0,3.491072428552806,0.0,0.8410109653116093,0.0,-7.418606297857876,0.0,0.947152376529941,0.0,""
"2026-09-29 13:37:54","git-master-bddc7a050319718b5e4e0856afec0bc9ea96418f","C:\Users\marco\Desktop\ds004507\derivatives\labels\sub-008\ses-headUp\anat\sub-008_ses-headUp_T2w_seg-manual.nii.gz","882","3","",66.55193345347203,0.0,-1.1868420164976257,0.0,1.6792751400340218,0.0,6.899568969300598,0.0,6.801537767881284,0.0,12.568498025504553,0.0,3.4237383253072777,0.0,3.4758306439933206,0.0,0.840921237360277,0.0,-7.404066562277795,0.0,0.9470238326146655,0.0,""
"2026-09-29 13:37:54","git-master-bddc7a050319718b5e4e0856afec0bc9ea96418f","C:\Users\marco\Desktop\ds004507\derivatives\labels\sub-008\ses-headUp\anat\sub-008_ses-headUp_T2w_seg-manual.nii.gz","883","3","",66.54637061938503,0.0,-1.2112999178063248,0.0,1.5224819825422853,0.0,6.899771351486843,0.0,6.829540511311377,0.0,12.55859874674936,0.0,3.402316482703398,0.0,3.4974548687834446,0.0,0.8391914917954894,0.0,-7.440851971040585,0.0,0.948284716511867,0.0,""
"2026-09-29 13:37:54","git-master-bddc7a050319718b5e4e0856afec0bc9ea96418f","C:\Users\marco\Desktop\ds004507\derivatives\labels\sub-008\ses-headUp\anat\sub-008_ses-headUp_T2w_seg-manual.nii.gz","884","3","",66.83278513761114,0.0,-1.2350988896922526,0.0,1.365343958434915,0.0,6.89927920406499,0.0,6.88049583921426,0.0,12.53354629805799,0.0,3.3447875343650653,0.0,3.554491669699925,0.0,0.8358446056231537,0.0,-7.555681557425053,0.0,0.9501495386399705,0.0,""
"2026-09-29 13:37:54","git-master-bddc7a050319718b5e4e0856afec0bc9ea96418f","C:\Users\marco\Desktop\ds004507\derivatives\labels\sub-008\ses-headUp\anat\sub-008_ses-headUp_T2w_seg-manual.nii.gz","885","3","",67.84484435643986,0.0,-1.2577683330616156,0.0,1.2076187747152767,0.0,6.898787862156747,0.0,6.953921360834305,0.0,12.60263233134083,0.0,3.2910680078866563,0.0,3.607719854270092,0.0,0.8339889720361102,0.0,-7.676572732663831,0.0,0.946079941039007,0.0,""
"2026-09-29 13:37:54","git-master-bddc7a050319718b5e4e0856afec0bc9ea96418f","C:\Users\marco\Desktop\ds004507\derivatives\labels\sub-008\ses-headUp\anat\sub-008_ses-headUp_T2w_seg-manual.nii.gz","886","3","",68.25136277229082,0.0,-1.2797318649075458,0.0,1.0495294037506975,0.0,6.8989619883803535,0.0,6.984208345531903,0.0,12.631978585905353,0.0,3.2729260592121165,0.0,3.626035929168237,0.0,0.8332482785908661,0.0,-7.702642136157954,0.0,0.9445190765837922,0.0,""
"2026-09-29 13:37:54","git-master-bddc7a050319718b5e4e0856afec0bc9ea96418f","C:\Users\marco\Desktop\ds004507\derivatives\labels\sub-008\ses-headUp\anat\sub-008_ses-headUp_T2w_seg-manual.nii.gz","887","3","",68.21373724885676,0.0,-1.3010365576357608,0.0,0.8911008862255535,0.0,6.8997436763583835,0.0,6.979978663788935,0.0,12.639998011270876,0.0,3.2793224336697233,0.0,3.6204212426886593,0.0,0.8336978969200937,0.0,-7.64161211613984,0.0,0.9444967991949488,0.0,""
"2026-09-29 13:37:54","git-master-bddc7a050319718b5e4e0856afec0bc9ea96418f","C:\Users\marco\Desktop\ds004507\derivatives\labels\sub-008\ses-headUp\anat\sub-008_ses-headUp_T2w_seg-manual.nii.gz","888","3","",67.9637488545986,0.0,-1.3213530353279868,0.0,0.7321665046147398,0.0,6.901385925085665,0.0,6.945521362461564,0.0,12.67514080885578,0.0,3.290023482257553,0.0,3.6113624428281126,0.0,0.8364943615689995,0.0,-7.45518632378877,0.0,0.9437715378944345,0.0,""
"2026-09-29 13:37:54","git-master-bddc7a050319718b5e4e0856afec0bc9ea96418f","C:\Users\marco\Desktop\ds004507\derivatives\labels\sub-008\ses-headUp\anat\sub-008_ses-headUp_T2w_seg-manual.nii.gz","889","3","",68.07624092501256,0.0,-1.3408225233332882,0.0,0.5728020341742448,0.0,6.962584350878567,0.0,6.958485062738732,0.0,12.66842908150068,0.0,3.35576226072721,0.0,3.6068220901513564,0.0,0.8356323912400508,0.0,-7.389830246294452,0.0,0.9453303022643025,0.0,""
"2026-09-29 13:37:54","git-master-bddc7a050319718b5e4e0856afec0bc9ea96418f","C:\Users\marco\Desktop\ds004507\derivatives\labels\sub-008\ses-headUp\anat\sub-008_ses-headUp_T2w_seg-manual.nii.gz","890","3","",68.188318810955,0.0,-1.3596332613349207,0.0,0.4131044467523529,0.0,7.022712258740633,0.0,6.98202933110265,0.0,12.634542445501403,0.0,3.420843720411985,0.0,3.601868538328648,0.0,0.8334314420604073,0.0,-7.460455770960524,0.0,0.9480158299054635,0.0,""
"2026-09-29 13:37:54","git-master-bddc7a050319718b5e4e0856afec0bc9ea96418f","C:\Users\marco\Desktop\ds004507\derivatives\labels\sub-008\ses-headUp\anat\sub-008_ses-headUp_T2w_seg-manual.nii.gz","891","3","",67.93685118644142,0.0,-1.3775970604426144,0.0,0.2529803616365507,0.0,7.020531229143506,0.0,6.98535977294224,0.0,12.572631997928525,0.0,3.429197201910949,0.0,3.5913340272325573,0.0,0.8314458393854026,0.0,-7.759678557753705,0.0,0.9513147231452809,0.0,""
"2026-09-29 13:37:54","git-master-bddc7a050319718b5e4e0856afec0bc9ea96418f","C:\Users\marco\Desktop\ds004507\derivatives\labels\sub-008\ses-headUp\anat\sub-008_ses-headUp_T2w_seg-manual.nii.gz","892","3","",67.70349788345689,0.0,-1.3945728218685813,0.0,0.09236298151553385,0.0,7.021427631303494,0.0,6.996736083789226,0.0,12.496686758118692,0.0,3.4328099301709125,0.0,3.588617701132582,0.0,0.828549875992914,0.0,-7.898214666623413,0.0,0.9516307434663148,0.0,""
"2026-09-29 13:37:54","git-master-bddc7a050319718b5e4e0856afec0bc9ea96418f","C:\Users\marco\Desktop\ds004507\derivatives\labels\sub-008\ses-headUp\anat\sub-008_ses-headUp_T2w_seg-manual.nii.gz","893","3","",67.35432722238785,0.0,-1.410889918047387,0.0,-0.06858117542812575,0.0,7.018524118389109,0.0,6.993262658272744,0.0,12.432814236365687,0.0,3.4055738885377824,0.0,3.6129502298513265,0.0,0.8268082739196537,0.0,-7.9821399104684305,0.0,0.9532593913176387,0.0,""
"2026-09-29 13:37:54","git-master-bddc7a050319718b5e4e0856afec0bc9ea96418f","C:\Users\marco\Desktop\ds004507\derivatives\labels\sub-008\ses-headUp\anat\sub-008_ses-headUp_T2w_seg-manual.nii.gz","894","3","",66.8262550037552,0.0,-1.4265013128359443,0.0,-0.22987455617568825,0.0,7.009041466646845,0.0,6.965215808494663,0.0,12.391060732337053,0.0,3.333419192990441,0.0,3.6756222736564044,0.0,0.8270583168873744,0.0,-8.03005933618312,0.0,0.9577092298697637,0.0,""
"2026-09-29 13:37:54","git-master-bddc7a050319718b5e4e0856afec0bc9ea96418f","C:\Users\marco\Desktop\ds004507\derivatives\labels\sub-008\ses-headUp\anat\sub-008_ses-headUp_T2w_seg-manual.nii.gz","895","3","",66.80361220955459,0.0,-1.4409836464366659,0.0,-0.39172157759082893,0.0,6.922241419743577,0.0,6.93573316886712,0.0,12.423260139889647,0.0,3.323253626772287,0.0,3.5989877929712906,0.0,0.8296386532082192,0.0,-7.788623651208125,0.0,0.9579704055188881,0.0,""
"2026-09-29 13:37:54","git-master-bddc7a050319718b5e4e0856afec0bc9ea96418f","C:\Users\marco\Desktop\ds004507\derivatives\labels\sub-008\ses-headUp\anat\sub-008_ses-headUp_T2w_seg-manual.nii.gz","896","3","",66.67056357362365,0.0,-1.4548073924187213,0.0,-0.5538887246754385,0.0,6.9229197117294765,0.0,6.914046565589845,0.0,12.429773709732851,0.0,3.3618345001310237,0.0,3.561085211598453,0.0,0.8310159228515638,0.0,-7.619454286162949,0.0,0.9579336382542111,0.0,""
"2026-09-29 13:37:54","git-master-bddc7a050319718b5e4e0856afec0bc9ea96418f","C:\Users\marco\Desktop\ds004507\derivatives\labels\sub-008\ses-headUp\anat\sub-008_ses-headUp_T2w_seg-manual.nii.gz","897","3","",66.43629744045967,0.0,-1.4679725577453417,0.0,-0.7163753348928236,0.0,7.0011050626426234,0.0,6.900100999030306,0.0,12.412731049843673,0.0,3.4370577546402123,0.0,3.564047308002411,0.0,0.83125616547524,0.0,-7.492584165304501,0.0,0.9576043583035854,0.0,""
"2026-09-29 13:37:54","git-master-bddc7a050319718b5e4e0856afec0bc9ea96418f","C:\Users\marco\Desktop\ds004507\derivatives\labels\sub-008\ses-headUp\anat\sub-008_ses-headUp_T2w_seg-manual.nii.gz","898","3","",66.4335858852134,0.0,-1.4800558139610653,0.0,-0.8793823935564993,0.0,7.00780729976675,0.0,6.891784369496152,0.0,12.430166736146612,0.0,3.44362445638206,0.0,3.56418284338469,0.0,0.8322223195477659,0.0,-6.957036580533387,0.0,0.9552212832654993,0.0,""
"2026-09-29 13:37:54","git-master-bddc7a050319718b5e4e0856afec0bc9ea96418f","C:\Users\marco\Desktop\ds004507\derivatives\labels\sub-008\ses-headUp\anat\sub-008_ses-headUp_T2w_seg-manual.nii.gz","899","3","",66.26885935669114,0.0,-1.4913864716305205,0.0,-1.0427478723807275,0.0,6.956263803002227,0.0,6.861274399370235,0.0,12.44840653951802,0.0,3.397837018000885,0.0,3.558426785001343,0.0,0.8343781555050647,0.0,-6.769146916956201,0.0,0.9525546108973351,0.0,""
"2026-09-29 13:37:54","git-master-bddc7a050319718b5e4e0856afec0bc9ea96418f","C:\Users\marco\Desktop\ds004507\derivatives\labels\sub-008\ses-headUp\anat\sub-008_ses-headUp_T2w_seg-manual.nii.gz","900","3","",66.06325861686462,0.0,-1.5020586153147966,0.0,-1.2064258113952782,0.0,6.879032580970982,0.0,6.825212297561153,0.0,12.463248359210658,0.0,3.3411948197400823,0.0,3.5378377612308993,0.0,0.8367224407845129,0.0,-6.7221146212370915,0.0,0.9503275403437594,0.0,""
"2026-09-29 13:37:54","git-master-bddc7a050319718b5e4e0856afec0bc9ea96418f","C:\Users\marco\Desktop\ds004507\derivatives\labels\sub-008\ses-headUp\anat\sub-008_ses-headUp_T2w_seg-manual.nii.gz","901","3","",66.05869472169205,0.0,-1.5117900497874621,0.0,-1.3705471458098746,0.0,6.830103359122298,0.0,6.816876685350873,0.0,12.462688980784165,0.0,3.3589303972375673,0.0,3.4711729618847316,0.0,0.8371437391118199,0.0,-6.456281474263965,0.0,0.9504969710412132,0.0,""
"2026-09-29 13:37:54","git-master-bddc7a050319718b5e4e0856afec0bc9ea96418f","C:\Users\marco\Desktop\ds004507\derivatives\labels\sub-008\ses-headUp\anat\sub-008_ses-headUp_T2w_seg-manual.nii.gz","902","3","",66.05354828896502,0.0,-1.5206278441066363,0.0,-1.5350852211538353,0.0,6.863850777756195,0.0,6.818875126405873,0.0,12.454678882974004,0.0,3.3911308859485216,0.0,3.472719891807673,0.0,0.8368083294206367,0.0,-6.5670981188171265,0.0,0.9510659654895509,0.0,""
"2026-09-29 13:37:54","git-master-bddc7a050319718b5e4e0856afec0bc9ea96418f","C:\Users\marco\Desktop\ds004507\derivatives\labels\sub-008\ses-headUp\anat\sub-008_ses-headUp_T2w_seg-manual.nii.gz","903","3","",66.12859324808635,0.0,-1.5288071793564992,0.0,-1.6999284441890858,0.0,6.927342704400054,0.0,6.8295197618914685,0.0,12.441139049050697,0.0,3.412613344421602,0.0,3.5147293599784524,0.0,0.8358542626715013,0.0,-6.761034106193652,0.0,0.9517030379048795,0.0,""
"2026-09-29 13:37:54","git-master-bddc7a050319718b5e4e0856afec0bc9ea96418f","C:\Users\marco\Desktop\ds004507\derivatives\labels\sub-008\ses-headUp\anat\sub-008_ses-headUp_T2w_seg-manual.nii.gz","904","3","",66.37443582824436,0.0,-1.536186968660761,0.0,-1.865140450970991,0.0,6.998561333399143,0.0,6.851602866903536,0.0,12.42084835073652,0.0,3.4016132719038445,0.0,3.5969480614952984,0.0,0.8340933405813628,0.0,-6.878846863282448,0.0,0.9522166476935499,0.0,""
"2026-09-29 13:37:54","git-master-bddc7a050319718b5e4e0856afec0bc9ea96418f","C:\Users\marco\Desktop\ds004507\derivatives\labels\sub-008\ses-headUp\anat\sub-008_ses-headUp_T2w_seg-manual.nii.gz","905","3","",66.61956420549586,0.0,-1.542532081772949,0.0,-2.030824315288306,0.0,7.006916833091407,0.0,6.814277417480289,0.0,12.490759568874909,0.0,3.3928877760516523,0.0,3.6140290570397546,0.0,0.8380439262541486,0.0,-6.598034944658559,0.0,0.950675632844801,0.0,""
"2026-09-29 13:37:54","git-master-bddc7a050319718b5e4e0856afec0bc9ea96418f","C:\Users\marco\Desktop\ds004507\derivatives\labels\sub-008\ses-headUp\anat\sub-008_ses-headUp_T2w_seg-manual.nii.gz","906","3","",67.08583686006472,0.0,-1.5482187774656977,0.0,-2.196805707035292,0.0,7.006003389512583,0.0,6.791122504294276,0.0,12.590417911992818,0.0,3.3816272877083065,0.0,3.624376101804277,0.0,0.8420357828517367,0.0,-6.644657427497248,0.0,0.9507171617786976,0.0,""
"2026-09-29 13:37:54","git-master-bddc7a050319718b5e4e0856afec0bc9ea96418f","C:\Users\marco\Desktop\ds004507\derivatives\labels\sub-008\ses-headUp\anat\sub-008_ses-headUp_T2w_seg-manual.nii.gz","907","3","",67.83368982015347,0.0,-1.5532470592529901,0.0,-2.3630838774262917,0.0,7.004203238922983,0.0,6.796313394609715,0.0,12.71228135429537,0.0,3.3667456840458336,0.0,3.637457554877149,0.0,0.8450889126674913,0.0,-7.177197398064894,0.0,0.9531294250920419,0.0,""
"2026-09-29 13:37:54","git-master-bddc7a050319718b5e4e0856afec0bc9ea96418f","C:\Users\marco\Desktop\ds004507\derivatives\labels\sub-008\ses-headUp\anat\sub-008_ses-headUp_T2w_seg-manual.nii.gz","908","2","",67.45855505413462,0.0,-1.5587947551764656,0.0,-2.6032784410104517,0.0,7.002956921824262,0.0,6.817355664599454,0.0,12.592981838804889,0.0,3.4414992283860806,0.0,3.5614576934381823,0.0,0.8407899353641042,0.0,-7.184476248185767,0.0,0.9515349630471859,0.0,""
"2026-09-29 13:37:54","git-master-bddc7a050319718b5e4e0856afec0bc9ea96418f","C:\Users\marco\Desktop\ds004507\derivatives\labels\sub-008\ses-headUp\anat\sub-008_ses-headUp_T2w_seg-manual.nii.gz","909","2","",67.80764118409785,0.0,-1.562649447848827,0.0,-2.841395011885444,0.0,7.003461794600028,0.0,6.854832455258382,0.0,12.716431617172187,0.0,3.4307097672728677,0.0,3.572752027327161,0.0,0.8422717536303778,0.0,-7.325222276267443,0.0,0.9558244231851435,0.0,""
"2026-09-29 13:37:54","git-master-bddc7a050319718b5e4e0856afec0bc9ea96418f","C:\Users\marco\Desktop\ds004507\derivatives\labels\sub-008\ses-headUp\anat\sub-008_ses-headUp_T2w_seg-manual.nii.gz","910","2","",67.06835189082935,0.0,-1.5648111558452065,0.0,-3.074606279698512,0.0,6.884914385201924,0.0,6.783978071224391,0.0,12.72833685425379,0.0,3.2943465068420745,0.0,3.590567878359849,0.0,0.8461263989532931,0.0,-7.84226359604093,0.0,0.9554103947742119,0.0,""
"2026-09-29 13:37:54","git-master-bddc7a050319718b5e4e0856afec0bc9ea96418f","C:\Users\marco\Desktop\ds004507\derivatives\labels\sub-008\ses-headUp\anat\sub-008_ses-headUp_T2w_seg-manual.nii.gz","911","2","",67.05326991127974,0.0,-1.5652798896160116,0.0,-3.302910641432247,0.0,6.890998694879938,0.0,6.791779830353649,0.0,12.573982098890578,0.0,3.3457977233637446,0.0,3.545200971516193,0.0,0.8415716489570758,0.0,-7.445541680083348,0.0,0.9443260900440278,0.0,""
"2026-09-29 13:37:54","git-master-bddc7a050319718b5e4e0856afec0bc9ea96418f","C:\Users\marco\Desktop\ds004507\derivatives\labels\sub-008\ses-headUp\anat\sub-008_ses-headUp_T2w_seg-manual.nii.gz","912","2","",66.67535190060542,0.0,-1.5640556514304294,0.0,-3.5263073112190324,0.0,6.768296563542327,0.0,6.7303722738431135,0.0,12.61661006897971,0.0,3.2063920149568745,0.0,3.5619045485854524,0.0,0.8458295200043828,0.0,-7.4892107872888065,0.0,0.9459614010007148,0.0,""
"2026-09-29 13:37:54","git-master-bddc7a050319718b5e4e0856afec0bc9ea96418f","C:\Users\marco\Desktop\ds004507\derivatives\labels\sub-008\ses-headUp\anat\sub-008_ses-headUp_T2w_seg-manual.nii.gz","913","2","",67.74588564702228,0.0,-1.561138435364179,0.0,-3.7447962698927575,0.0,6.763047808870193,0.0,6.861945017126821,0.0,12.657570899149386,0.0,3.273759826848053,0.0,3.4892879820221405,0.0,0.8402999242721785,0.0,-7.964879119878974,0.0,0.9474272930648769,0.0,""
"2026-09-29 13:37:54","git-master-bddc7a050319718b5e4e0856afec0bc9ea96418f","C:\Users\marco\Desktop\ds004507\derivatives\labels\sub-008\ses-headUp\anat\sub-008_ses-headUp_T2w_seg-manual.nii.gz","914","2","",67.72895987139614,0.0,-1.5565282273315064,0.0,-3.9583782155192444,0.0,6.768115042891203,0.0,6.830385442794579,0.0,12.627236565042317,0.0,3.2454910118215565,0.0,3.522624031069647,0.0,0.8410709590961793,0.0,-6.808598617692936,0.0,0.9517953067571389,0.0,""
"2026-09-29 13:37:54","git-master-bddc7a050319718b5e4e0856afec0bc9ea96418f","C:\Users\marco\Desktop\ds004507\derivatives\labels\sub-008\ses-headUp\anat\sub-008_ses-headUp_T2w_seg-manual.nii.gz","915","2","",66.98748739549275,0.0,-1.5502250051614217,0.0,-4.167054514947146,0.0,6.6692907519834765,0.0,6.733868519068325,0.0,12.606977054403622,0.0,3.2084102241074177,0.0,3.460880527876059,0.0,0.8453971504370693,0.0,-6.961726827462925,0.0,0.9629737186002614,0.0,""
"2026-09-29 13:37:54","git-master-bddc7a050319718b5e4e0856afec0bc9ea96418f","C:\Users\marco\Desktop\ds004507\derivatives\labels\sub-008\ses-headUp\anat\sub-008_ses-headUp_T2w_seg-manual.nii.gz","916","2","",66.27733487948,0.0,-1.542228738718195,0.0,-4.370827156416066,0.0,6.672281341098664,0.0,6.774580795302587,0.0,12.390235953869762,0.0,3.278210834406774,0.0,3.3940705066918895,0.0,0.8372843507262995,0.0,-7.9175482523520255,0.0,0.9796741892093858,0.0,""
"2026-09-29 13:37:54","git-master-bddc7a050319718b5e4e0856afec0bc9ea96418f","C:\Users\marco\Desktop\ds004507\derivatives\labels\sub-008\ses-headUp\anat\sub-008_ses-headUp_T2w_seg-manual.nii.gz","917","2","",65.53553048673943,0.0,-1.5325393900661084,0.0,-4.5696987032539305,0.0,6.677103389922815,0.0,6.72209067732475,0.0,12.383919963025939,0.0,3.362554089488258,0.0,3.3145493004345563,0.0,0.8398568260617242,0.0,-8.745345810225599,0.0,0.9824958503093406,0.0,""
"2026-09-29 13:37:54","git-master-bddc7a050319718b5e4e0856afec0bc9ea96418f","C:\Users\marco\Desktop\ds004507\derivatives\labels\sub-008\ses-headUp\anat\sub-008_ses-headUp_T2w_seg-manual.nii.gz","918","2","",65.87975336072422,0.0,-1.5211569136784815,0.0,-4.763672248691293,0.0,6.702630233279358,0.0,6.728693994553793,0.0,12.42070544266701,0.0,3.4136346985973427,0.0,3.2889955346820154,0.0,0.8405512511646772,0.0,-7.9575668385167795,0.0,0.9844528301886792,0.0,""
"2026-09-29 13:37:54","git-master-bddc7a050319718b5e4e0856afec0bc9ea96418f","C:\Users\marco\Desktop\ds004507\derivatives\labels\sub-008\ses-headUp\anat\sub-008_ses-headUp_T2w_seg-manual.nii.gz","919","2","",64.7759384233655,0.0,-1.5080812566909707,0.0,-4.952751371815966,0.0,6.692614401533744,0.0,6.748613222641321,0.0,12.174079518042028,0.0,3.3791512783028113,0.0,3.3134631232309326,0.0,0.832288453382233,0.0,-7.449511357541056,0.0,0.9712817412333736,0.0,""
"2026-09-29 13:37:54","git-master-bddc7a050319718b5e4e0856afec0bc9ea96418f","C:\Users\marco\Desktop\ds004507\derivatives\labels\sub-008\ses-headUp\anat\sub-008_ses-headUp_T2w_seg-manual.nii.gz","920","2","",64.75786984801576,0.0,-1.4933123591991921,0.0,-5.136940094687547,0.0,6.701742992201385,0.0,6.785201515862973,0.0,12.268764088274999,0.0,3.4585504817515496,0.0,3.2431925104498363,0.0,0.8331501456317169,0.0,-8.141755422799678,0.0,0.9678379988088148,0.0,""
"2026-09-29 13:37:54","git-master-bddc7a050319718b5e4e0856afec0bc9ea96418f","C:\Users\marco\Desktop\ds004507\derivatives\labels\sub-008\ses-headUp\anat\sub-008_ses-headUp_T2w_seg-manual.nii.gz","921","2","",65.46312035062543,0.0,-1.4768501546006356,0.0,-5.316242840627668,0.0,6.680303482714427,0.0,6.713923172165041,0.0,12.487874412845505,0.0,3.3988127209982184,0.0,3.281490761716208,0.0,0.8431774382764791,0.0,-8.481947685145554,0.0,0.9635133146976608,0.0,""
"2026-09-29 13:37:54","git-master-bddc7a050319718b5e4e0856afec0bc9ea96418f","C:\Users\marco\Desktop\ds004507\derivatives\labels\sub-008\ses-headUp\anat\sub-008_ses-headUp_T2w_seg-manual.nii.gz","922","2","",65.41278625636652,0.0,-1.4586945699809393,0.0,-5.490664393698422,0.0,6.787302401475152,0.0,6.6624565180201145,0.0,12.526167014245864,0.0,3.4684307464705784,0.0,3.3188716550045743,0.0,0.8468177903341764,0.0,-7.722326875481207,0.0,0.9326068253513048,0.0,""
"2026-09-29 13:37:54","git-master-bddc7a050319718b5e4e0856afec0bc9ea96418f","C:\Users\marco\Desktop\ds004507\derivatives\labels\sub-008\ses-headUp\anat\sub-008_ses-headUp_T2w_seg-manual.nii.gz","923","2","",65.03314098035347,0.0,-1.4388455265445177,0.0,-5.660209859378213,0.0,6.861608825405991,0.0,6.691364447705078,0.0,12.417341241822273,0.0,3.439190851309425,0.0,3.4224179740965655,0.0,0.8423873013282179,0.0,-8.31808344600664,0.0,0.9375633782413444,0.0,""
"2026-09-29 13:37:54","git-master-bddc7a050319718b5e4e0856afec0bc9ea96418f","C:\Users\marco\Desktop\ds004507\derivatives\labels\sub-008\ses-headUp\anat\sub-008_ses-headUp_T2w_seg-manual.nii.gz","924","2","",65.01476937596033,0.0,-1.417302940089583,0.0,-5.824884626441357,0.0,6.86046751519733,0.0,6.772219171995167,0.0,12.3401876137915,0.0,3.3900047205037014,0.0,3.4704627946936286,0.0,0.835957714933319,0.0,-8.304139373815946,0.0,0.9391882132023689,0.0,""
"2026-09-29 13:37:54","git-master-bddc7a050319718b5e4e0856afec0bc9ea96418f","C:\Users\marco\Desktop\ds004507\derivatives\labels\sub-008\ses-headUp\anat\sub-008_ses-headUp_T2w_seg-manual.nii.gz","925","2","",64.33911180116984,0.0,-1.3940667215275766,0.0,-5.984694330045049,0.0,6.751214801934964,0.0,6.839597403482755,0.0,12.133325530735519,0.0,3.444973516148653,0.0,3.306241285786311,0.0,0.8259772550517189,0.0,-7.467553135862746,0.0,0.9414669571532317,0.0,""
"2026-09-29 13:37:54","git-master-bddc7a050319718b5e4e0856afec0bc9ea96418f","C:\Users\marco\Desktop\ds004507\derivatives\labels\sub-008\ses-headUp\anat\sub-008_ses-headUp_T2w_seg-manual.nii.gz","926","2","",63.605294003301644,0.0,-1.3691367774470413,0.0,-6.13964481602488,0.0,6.620138528616417,0.0,6.744308945615207,0.0,12.166230809299638,0.0,3.266635285397058,0.0,3.353503243219359,0.0,0.8322859023336071,0.0,-7.701384825690587,0.0,0.9616134352976459,0.0,""
"2026-09-29 13:37:54","git-master-bddc7a050319718b5e4e0856afec0bc9ea96418f","C:\Users\marco\Desktop\ds004507\derivatives\labels\sub-008\ses-headUp\anat\sub-008_ses-headUp_T2w_seg-manual.nii.gz","927","2","",64.26937354604205,0.0,-1.342513010721969,0.0,-6.2897421063977506,0.0,6.613849416834919,0.0,6.648375888753503,0.0,12.32925228840175,0.0,3.2330707603930424,0.0,3.380778656441876,0.0,0.8421547400138003,0.0,-7.577119926786942,0.0,0.9688162276718135,0.0,""
"2026-09-29 13:37:54","git-master-bddc7a050319718b5e4e0856afec0bc9ea96418f","C:\Users\marco\Desktop\ds004507\derivatives\labels\sub-008\ses-headUp\anat\sub-008_ses-headUp_T2w_seg-manual.nii.gz","928","2","",63.89103459089602,0.0,-1.3141953211646362,0.0,-6.43499236606908,0.0,6.604278330854644,0.0,6.611884832781375,0.0,12.302081127338171,0.0,3.2927260209050946,0.0,3.3115523099495494,0.0,0.843288813093579,0.0,-6.653870390854241,0.0,0.9526520827090201,0.0,""
"2026-09-29 13:37:54","git-master-bddc7a050319718b5e4e0856afec0bc9ea96418f","C:\Users\marco\Desktop\ds004507\derivatives\labels\sub-008\ses-headUp\anat\sub-008_ses-headUp_T2w_seg-manual.nii.gz","929","2","",65.28542654401168,0.0,-1.2841836062229763,0.0,-6.575401870739319,0.0,6.69553268137185,0.0,6.714766603514483,0.0,12.403913142480013,0.0,3.260770998323318,0.0,3.4347616830485315,0.0,0.8408021100763479,0.0,-6.232667211606741,0.0,0.9478741991846243,0.0,""
"2026-09-29 13:37:54","git-master-bddc7a050319718b5e4e0856afec0bc9ea96418f","C:\Users\marco\Desktop\ds004507\derivatives\labels\sub-008\ses-headUp\anat\sub-008_ses-headUp_T2w_seg-manual.nii.gz","930","2","",66.71003224169577,0.0,-1.2524777617225014,0.0,-6.710976976003141,0.0,6.935362325382254,0.0,7.001830867824911,0.0,12.17375214371644,0.0,3.431613404489349,0.0,3.503748920892905,0.0,0.8180423469652535,0.0,-6.140452258726433,0.0,0.9560344827586207,0.0,""
"2026-09-29 13:37:54","git-master-bddc7a050319718b5e4e0856afec0bc9ea96418f","C:\Users\marco\Desktop\ds004507\derivatives\labels\sub-008\ses-headUp\anat\sub-008_ses-headUp_T2w_seg-manual.nii.gz","931","2","",67.0529507601495,0.0,-1.2190776826528065,0.0,-6.841724087633272,0.0,6.847516933438447,0.0,6.9589728040293855,0.0,12.279831859996191,0.0,3.3041063087289615,0.0,3.5434106247094856,0.0,0.8239246568524018,0.0,-8.343140712318098,0.0,0.9501566505269154,0.0,""
"2026-09-29 13:37:54","git-master-bddc7a050319718b5e4e0856afec0bc9ea96418f","C:\Users\marco\Desktop\ds004507\derivatives\labels\sub-008\ses-headUp\anat\sub-008_ses-headUp_T2w_seg-manual.nii.gz","932","2","",67.03585318174804,0.0,-1.1839832639986827,0.0,-6.967649633039623,0.0,6.968710296242289,0.0,6.970371171352911,0.0,12.250815802402443,0.0,3.4784362288670354,0.0,3.4902740673752533,0.0,0.8223568951324336,0.0,-7.926899519852315,0.0,0.9540706825010731,0.0,""
"2026-09-29 13:37:54","git-master-bddc7a050319718b5e4e0856afec0bc9ea96418f","C:\Users\marco\Desktop\ds004507\derivatives\labels\sub-008\ses-headUp\anat\sub-008_ses-headUp_T2w_seg-manual.nii.gz","933","2","",63.80703368128253,0.0,-1.1471944016158662,0.0,-7.0887600338932995,0.0,6.577360196681941,0.0,6.763826128333818,0.0,12.032247610422068,0.0,3.14443753743541,0.0,3.4329226592465307,0.0,0.8270410484565891,0.0,-5.419053611498897,0.0,0.9690123645245001,0.0,""
"2026-09-29 13:37:54","git-master-bddc7a050319718b5e4e0856afec0bc9ea96418f","C:\Users\marco\Desktop\ds004507\derivatives\labels\sub-008\ses-headUp\anat\sub-008_ses-headUp_T2w_seg-manual.nii.gz","934","2","",63.791398585556,0.0,-1.1087109931514334,0.0,-7.205061679904113,0.0,6.557215692444808,0.0,6.766970067634606,0.0,12.034185942075155,0.0,3.2105970026268285,0.0,3.3466186898179795,0.0,0.8269249926327469,0.0,-4.9542870480402765,0.0,0.9740598618572525,0.0,""
"2026-09-29 13:37:54","git-master-bddc7a050319718b5e4e0856afec0bc9ea96418f","C:\Users\marco\Desktop\ds004507\derivatives\labels\sub-008\ses-headUp\anat\sub-008_ses-headUp_T2w_seg-manual.nii.gz","935","2","",64.13672203292063,0.0,-1.0685329390088782,0.0,-7.316560903739531,0.0,6.629866236928134,0.0,6.760578165341243,0.0,12.087100922553711,0.0,3.18834227554431,0.0,3.441523961383824,0.0,0.8289506652605687,0.0,-4.929837795734243,0.0,0.9753747323340471,0.0,""
"2026-09-29 13:37:54","git-master-bddc7a050319718b5e4e0856afec0bc9ea96418f","C:\Users\marco\Desktop\ds004507\derivatives\labels\sub-008\ses-headUp\anat\sub-008_ses-headUp_T2w_seg-manual.nii.gz","936","2","",65.20240967589415,0.0,-1.0266601433578726,0.0,-7.423263957072243,0.0,6.626158722252657,0.0,6.690550647587601,0.0,12.253550964046404,0.0,3.3612341066105147,0.0,3.2649246156421423,0.0,0.8377792279249282,0.0,-4.559382776265268,0.0,0.9685658153241651,0.0,""
"2026-09-29 13:37:54","git-master-bddc7a050319718b5e4e0856afec0bc9ea96418f","C:\Users\marco\Desktop\ds004507\derivatives\labels\sub-008\ses-headUp\anat\sub-008_ses-headUp_T2w_seg-manual.nii.gz","937","2","",66.2365044497928,0.0,-0.9830925151887268,0.0,-7.525176987743112,0.0,6.6675327888032845,0.0,6.804818272704921,0.0,12.387722022724589,0.0,3.430741468893804,0.0,3.2367913199094804,0.0,0.8356123489901098,0.0,-4.566441512957283,0.0,0.9451464675473865,0.0,""
"2026-09-29 13:37:54","git-master-bddc7a050319718b5e4e0856afec0bc9ea96418f","C:\Users\marco\Desktop\ds004507\derivatives\labels\sub-008\ses-headUp\anat\sub-008_ses-headUp_T2w_seg-manual.nii.gz","938","2","",67.66129053053247,0.0,-0.9378299694115558,0.0,-7.622306018025961,0.0,7.02510212808915,0.0,7.063982647375328,0.0,12.1980651414924,0.0,3.512110382831395,0.0,3.5129917452577555,0.0,0.8152516773233693,0.0,-5.814784551810325,0.0,0.9580190693041127,0.0,""
"2026-09-29 13:37:54","git-master-bddc7a050319718b5e4e0856afec0bc9ea96418f","C:\Users\marco\Desktop\ds004507\derivatives\labels\sub-008\ses-headUp\anat\sub-008_ses-headUp_T2w_seg-manual.nii.gz","939","1","",68.00699809745679,0.0,-0.8908724280001523,0.0,-7.7146569239803195,0.0,7.02771325875668,0.0,7.012842730273462,0.0,12.284696863697658,0.0,3.5964066949050024,0.0,3.4313065638516784,0.0,0.821047378246923,0.0,-7.172413372762539,0.0,0.9619006849315068,0.0,""
"2026-09-29 13:37:54","git-master-bddc7a050319718b5e4e0856afec0bc9ea96418f","C:\Users\marco\Desktop\ds004507\derivatives\labels\sub-008\ses-headUp\anat\sub-008_ses-headUp_T2w_seg-manual.nii.gz","940","1","",67.99570673715525,0.0,-0.8503285889838216,0.0,-7.787639000561879,0.0,6.967782935203761,0.0,7.0143859479672255,0.0,12.347544286120405,0.0,3.5079754242867867,0.0,3.4598075109169746,0.0,0.8229703901460419,0.0,-7.786843891959948,0.0,0.9593162616846297,0.0,""
"2026-09-29 13:37:54","git-master-bddc7a050319718b5e4e0856afec0bc9ea96418f","C:\Users\marco\Desktop\ds004507\derivatives\labels\sub-008\ses-headUp\anat\sub-008_ses-headUp_T2w_seg-manual.nii.gz","941","1","",66.5463013132002,0.0,-0.808654666169729,0.0,-7.857443151753338,0.0,6.8650110096010355,0.0,6.974006081724184,0.0,12.17180460077275,0.0,3.4603352071835682,0.0,3.4046758024174673,0.0,0.8195372819302281,0.0,-5.841025960063428,0.0,0.9565591632494097,0.0,""
"2026-09-29 13:37:54","git-master-bddc7a050319718b5e4e0856afec0bc9ea96418f","C:\Users\marco\Desktop\ds004507\derivatives\labels\sub-008\ses-headUp\anat\sub-008_ses-headUp_T2w_seg-manual.nii.gz","942","1","",65.83266660645835,0.0,-0.7658506347953644,0.0,-7.924072039656566,0.0,6.725158872377507,0.0,6.877557803313442,0.0,12.206994241241352,0.0,3.3869072533077977,0.0,3.338251619069709,0.0,0.8259562280733893,0.0,-5.3097599771189605,0.0,0.9635015186995708,0.0,""
"2026-09-29 13:37:54","git-master-bddc7a050319718b5e4e0856afec0bc9ea96418f","C:\Users\marco\Desktop\ds004507\derivatives\labels\sub-008\ses-headUp\anat\sub-008_ses-headUp_T2w_seg-manual.nii.gz","943","1","",65.95872996260395,0.0,-0.7219164741268829,0.0,-7.987528253639448,0.0,6.635035993110924,0.0,6.833684041170402,0.0,12.352395109930056,0.0,3.3571626505822847,0.0,3.2778733425286397,0.0,0.833027330867261,0.0,-6.180464812075137,0.0,0.9698961572131494,0.0,""
"2026-09-29 13:37:54","git-master-bddc7a050319718b5e4e0856afec0bc9ea96418f","C:\Users\marco\Desktop\ds004507\derivatives\labels\sub-008\ses-headUp\anat\sub-008_ses-headUp_T2w_seg-manual.nii.gz","944","1","",66.36356937228352,0.0,-0.6768521676869637,0.0,-8.047814307766686,0.0,6.707044898979092,0.0,6.927198274058604,0.0,12.34336383594695,0.0,3.4306499806099895,0.0,3.276394918369103,0.0,0.8275441792991898,0.0,-7.11776819888567,0.0,0.9663510532876304,0.0,""
"2026-09-29 13:37:54","git-master-bddc7a050319718b5e4e0856afec0bc9ea96418f","C:\Users\marco\Desktop\ds004507\derivatives\labels\sub-008\ses-headUp\anat\sub-008_ses-headUp_T2w_seg-manual.nii.gz","945","1","",67.22652155128034,0.0,-0.6306577034826684,0.0,-8.104932638230599,0.0,7.023726153211166,0.0,7.07246682473156,0.0,12.137641032991457,0.0,3.5110229341438135,0.0,3.512703219067353,0.0,0.812695407929917,0.0,-8.12809713261193,0.0,0.9653037719550821,0.0,""
"2026-09-29 13:37:54","git-master-bddc7a050319718b5e4e0856afec0bc9ea96418f","C:\Users\marco\Desktop\ds004507\derivatives\labels\sub-008\ses-headUp\anat\sub-008_ses-headUp_T2w_seg-manual.nii.gz","946","1","",68.11666746860612,0.0,-0.5830505344720595,0.0,-8.158095167747396,0.0,7.119366295564343,0.0,7.124393953004623,0.0,12.190837259511033,0.0,3.6467802491866035,0.0,3.4725860463777396,0.0,0.8114622076372149,0.0,-6.757421464431344,0.0,0.9691840758877301,0.0,""
"2026-09-29 13:37:54","git-master-bddc7a050319718b5e4e0856afec0bc9ea96418f","C:\Users\marco\Desktop\ds004507\derivatives\labels\sub-008\ses-headUp\anat\sub-008_ses-headUp_T2w_seg-manual.nii.gz","947","1","",67.32999299577189,0.0,-0.5343132064164233,0.0,-8.208095965117694,0.0,7.1398576536119345,0.0,7.104729636927899,0.0,12.11346004206668,0.0,3.671740303106253,0.0,3.4681173505056813,0.0,0.8099319993070184,0.0,-7.098864192200563,0.0,0.9683567392622194,0.0,""
"2026-09-29 13:37:54","git-master-bddc7a050319718b5e4e0856afec0bc9ea96418f","C:\Users\marco\Desktop\ds004507\derivatives\labels\sub-008\ses-headUp\anat\sub-008_ses-headUp_T2w_seg-manual.nii.gz","948","1","",66.48394818362202,0.0,-0.48444573182660683,0.0,-8.254937074862058,0.0,7.0935046681551315,0.0,7.00915002442851,0.0,12.134566173802614,0.0,3.6667629589386044,0.0,3.4267417092165275,0.0,0.816182668237168,0.0,-7.268195795488559,0.0,0.962183317379549,0.0,""
"2026-09-29 13:37:54","git-master-bddc7a050319718b5e4e0856afec0bc9ea96418f","C:\Users\marco\Desktop\ds004507\derivatives\labels\sub-008\ses-headUp\anat\sub-008_ses-headUp_T2w_seg-manual.nii.gz","949","1","",66.46714845933226,0.0,-0.4334481296689879,0.0,-8.298620446387824,0.0,7.073329480004246,0.0,6.967594907282051,0.0,12.206904713110202,0.0,3.6335114794028103,0.0,3.439818000601436,0.0,0.821082769386958,0.0,-7.279719234643165,0.0,0.9516218836311755,0.0,""
"2026-09-29 13:37:54","git-master-bddc7a050319718b5e4e0856afec0bc9ea96418f","C:\Users\marco\Desktop\ds004507\derivatives\labels\sub-008\ses-headUp\anat\sub-008_ses-headUp_T2w_seg-manual.nii.gz","950","1","",66.98491592800606,0.0,-0.38132042563033625,0.0,-8.339147932238282,0.0,7.1081867014816495,0.0,7.049914399115313,0.0,12.182835799956592,0.0,3.5686260286397684,0.0,3.5395606728418807,0.0,0.815509999579383,0.0,-7.585317465288758,0.0,0.9449867044561425,0.0,""
"2026-09-29 13:37:54","git-master-bddc7a050319718b5e4e0856afec0bc9ea96418f","C:\Users\marco\Desktop\ds004507\derivatives\labels\sub-008\ses-headUp\anat\sub-008_ses-headUp_T2w_seg-manual.nii.gz","951","1","",66.10482067427073,0.0,-0.32806265238267274,0.0,-8.37652128634185,0.0,7.013878187924712,0.0,7.071515613409004,0.0,11.990249472213343,0.0,3.5378971739505545,0.0,3.475981013974158,0.0,0.8075696697033836,0.0,-7.613500952823906,0.0,0.9637079142982072,0.0,""
"2026-09-29 13:37:54","git-master-bddc7a050319718b5e4e0856afec0bc9ea96418f","C:\Users\marco\Desktop\ds004507\derivatives\labels\sub-008\ses-headUp\anat\sub-008_ses-headUp_T2w_seg-manual.nii.gz","952","1","",66.99726922890088,0.0,-0.27339236590129884,0.0,-8.409954644475306,0.0,7.096565994458542,0.0,7.14664378329534,0.0,12.021756744293041,0.0,3.518144993293618,0.0,3.5784210011649242,0.0,0.8041110671230007,0.0,-7.490150150101492,0.0,0.9622529540180028,0.0,""
"2026-09-29 13:37:54","git-master-bddc7a050319718b5e4e0856afec0bc9ea96418f","C:\Users\marco\Desktop\ds004507\derivatives\labels\sub-008\ses-headUp\anat\sub-008_ses-headUp_T2w_seg-manual.nii.gz","953","1","",68.12951965292464,0.0,-0.2175921436325185,0.0,-8.440237931458638,0.0,7.112723064461916,0.0,7.157681898964339,0.0,12.209571301194478,0.0,3.576170266164491,0.0,3.536552798297424,0.0,0.8100526197394983,0.0,-7.247498884888933,0.0,0.9647233731621917,0.0,""
"2026-09-29 13:37:54","git-master-bddc7a050319718b5e4e0856afec0bc9ea96418f","C:\Users\marco\Desktop\ds004507\derivatives\labels\sub-008\ses-headUp\anat\sub-008_ses-headUp_T2w_seg-manual.nii.gz","954","1","",69.16240815656647,0.0,-0.16066205466968092,0.0,-8.467372430659767,0.0,7.158863863136972,0.0,7.188627166751245,0.0,12.3215622752819,0.0,3.6013399806534134,0.0,3.557523882483559,0.0,0.8121711708591046,0.0,-6.554293048895836,0.0,0.9646179051640862,0.0,""
"2026-09-29 13:37:54","git-master-bddc7a050319718b5e4e0856afec0bc9ea96418f","C:\Users\marco\Desktop\ds004507\derivatives\labels\sub-008\ses-headUp\anat\sub-008_ses-headUp_T2w_seg-manual.nii.gz","955","1","",69.60769200228452,0.0,-0.10260217735683512,0.0,-8.49135931595791,0.0,7.2095409462465785,0.0,7.222646468385592,0.0,12.323324954032824,0.0,3.6290800023309875,0.0,3.580460943915591,0.0,0.8102376497554036,0.0,-5.857321340789416,0.0,0.9627108567251824,0.0,""
"2026-09-29 13:37:54","git-master-bddc7a050319718b5e4e0856afec0bc9ea96418f","C:\Users\marco\Desktop\ds004507\derivatives\labels\sub-008\ses-headUp\anat\sub-008_ses-headUp_T2w_seg-manual.nii.gz","956","1","",69.50239751307691,0.0,-0.04341259959009827,0.0,-8.512199650769057,0.0,7.273482116510646,0.0,7.254607973317172,0.0,12.264304319108444,0.0,3.706523218447642,0.0,3.566958898063004,0.0,0.8062116610656945,0.0,-5.757296352810072,0.0,0.9588902045325642,0.0,""
"2026-09-29 13:37:54","git-master-bddc7a050319718b5e4e0856afec0bc9ea96418f","C:\Users\marco\Desktop\ds004507\derivatives\labels\sub-008\ses-headUp\anat\sub-008_ses-headUp_T2w_seg-manual.nii.gz","957","1","",70.08316808078807,0.0,0.01690658088097612,0.0,-8.529894387071431,0.0,7.549727580002454,0.0,7.403612751042033,0.0,12.163918585424042,0.0,3.75815768213308,0.0,3.7915698978693735,0.0,0.7934360741873535,0.0,-6.384735657386973,0.0,0.9439956919763058,0.0,""
"2026-09-29 13:37:54","git-master-bddc7a050319718b5e4e0856afec0bc9ea96418f","C:\Users\marco\Desktop\ds004507\derivatives\labels\sub-008\ses-headUp\anat\sub-008_ses-headUp_T2w_seg-manual.nii.gz","958","1","",70.68308951912044,0.0,0.07863757564005087,0.0,-8.543658429159258,0.0,7.444321867179128,0.0,7.363145885904635,0.0,12.33004088286918,0.0,3.7341282126689617,0.0,3.7101936545101664,0.0,0.8020651642061895,0.0,-7.091960830472727,0.0,0.9488427244723436,0.0,""
"2026-09-29 13:37:54","git-master-bddc7a050319718b5e4e0856afec0bc9ea96418f","C:\Users\marco\Desktop\ds004507\derivatives\labels\sub-008\ses-headUp\anat\sub-008_ses-headUp_T2w_seg-manual.nii.gz","959","1","",71.04526940144214,0.0,0.14149784835138357,0.0,-8.5542787301567,0.0,7.417448375216157,0.0,7.373903613793598,0.0,12.356245871728012,0.0,3.7845924545285,0.0,3.632855920687657,0.0,0.8024062498309723,0.0,-7.713379875947049,0.0,0.951664978436881,0.0,""
"2026-09-29 13:37:54","git-master-bddc7a050319718b5e4e0856afec0bc9ea96418f","C:\Users\marco\Desktop\ds004507\derivatives\labels\sub-008\ses-headUp\anat\sub-008_ses-headUp_T2w_seg-manual.nii.gz","960","1","",71.18456924990703,0.0,0.2054872512845606,0.0,-8.56175572756632,0.0,7.2571910422582535,0.0,7.315752704786292,0.0,12.459853930814843,0.0,3.653966388319284,0.0,3.603224653938969,0.0,0.8093123697969068,0.0,-7.615555308354709,0.0,0.9621621492617496,0.0,""
"2026-09-29 13:37:54","git-master-bddc7a050319718b5e4e0856afec0bc9ea96418f","C:\Users\marco\Desktop\ds004507\derivatives\labels\sub-008\ses-headUp\anat\sub-008_ses-headUp_T2w_seg-manual.nii.gz","961","1","",71.90947936882299,0.0,0.27060562430136376,0.0,-8.566089742673023,0.0,7.244618981086908,0.0,7.336976503979298,0.0,12.55876322625044,0.0,3.5627079493238742,0.0,3.6819110317630335,0.0,0.8114895443952465,0.0,-7.169537829231942,0.0,0.9696141022208732,0.0,""
"2026-09-29 13:37:54","git-master-bddc7a050319718b5e4e0856afec0bc9ea96418f","C:\Users\marco\Desktop\ds004507\derivatives\labels\sub-008\ses-headUp\anat\sub-008_ses-headUp_T2w_seg-manual.nii.gz","962","1","",73.38227584361279,0.0,0.33685279451876815,0.0,-8.56728098032041,0.0,7.557393481762386,0.0,7.537194372317433,0.0,12.51774219554079,0.0,3.7141305519822203,0.0,3.8432629297801655,0.0,0.7983374230019991,0.0,-7.141816452630522,0.0,0.9660408052405866,0.0,""
"2026-09-29 13:37:54","git-master-bddc7a050319718b5e4e0856afec0bc9ea96418f","C:\Users\marco\Desktop\ds004507\derivatives\labels\sub-008\ses-headUp\anat\sub-008_ses-headUp_T2w_seg-manual.nii.gz","963","1","",73.67917753977495,0.0,0.4042285759719403,0.0,-8.565329528687117,0.0,7.673375014265693,0.0,7.65028112742277,0.0,12.394722031655885,0.0,3.801216614374054,0.0,3.8721583998916387,0.0,0.7867899316066328,0.0,-8.085268630641846,0.0,0.969362261669954,0.0,""
"2026-09-29 13:37:54","git-master-bddc7a050319718b5e4e0856afec0bc9ea96418f","C:\Users\marco\Desktop\ds004507\derivatives\labels\sub-008\ses-headUp\anat\sub-008_ses-headUp_T2w_seg-manual.nii.gz","964","1","",73.67421763749176,0.0,0.4730147771040164,0.0,-8.559449570380755,0.0,7.752195463742204,0.0,7.698132790532453,0.0,12.322548976051655,0.0,3.861060515242698,0.0,3.8911349484995057,0.0,0.7808306954019018,0.0,-8.126552926476949,0.0,0.966504471983427,0.0,""
"2026-09-29 13:37:54","git-master-bddc7a050319718b5e4e0856afec0bc9ea96418f","C:\Users\marco\Desktop\ds004507\derivatives\labels\sub-008\ses-headUp\anat\sub-008_ses-headUp_T2w_seg-manual.nii.gz","965","1","",73.66579249768917,0.0,0.542929009543436,0.0,-8.55042645734438,0.0,7.65086381844468,0.0,7.740843264901758,0.0,12.203636225428745,0.0,3.7948437294303083,0.0,3.8560200890143714,0.0,0.773017889271789,0.0,-6.708686871465355,0.0,0.9660987548065654,0.0,""
"2026-09-29 13:37:54","git-master-bddc7a050319718b5e4e0856afec0bc9ea96418f","C:\Users\marco\Desktop\ds004507\derivatives\labels\sub-008\ses-headUp\anat\sub-008_ses-headUp_T2w_seg-manual.nii.gz","966","1","",73.65171305757576,0.0,0.6139710221827553,0.0,-8.538259753202054,0.0,7.591503906619267,0.0,7.757413335775443,0.0,12.151397155677714,0.0,3.757158620999345,0.0,3.834345285619922,0.0,0.7697074098272058,0.0,-5.995625414376046,0.0,0.9661816751867872,0.0,""
"2026-09-29 13:37:54","git-master-bddc7a050319718b5e4e0856afec0bc9ea96418f","C:\Users\marco\Desktop\ds004507\derivatives\labels\sub-008\ses-headUp\anat\sub-008_ses-headUp_T2w_seg-manual.nii.gz","967","1","",74.461758316375,0.0,0.686140547998379,0.0,-8.522948906099797,0.0,7.687380392983439,0.0,7.881101916344735,0.0,12.119567879765407,0.0,3.781398845129213,0.0,3.9059815478542252,0.0,0.7593114953102786,0.0,-6.493328277058318,0.0,0.964800479468284,0.0,""
"2026-09-29 13:37:54","git-master-bddc7a050319718b5e4e0856afec0bc9ea96418f","C:\Users\marco\Desktop\ds004507\derivatives\labels\sub-008\ses-headUp\anat\sub-008_ses-headUp_T2w_seg-manual.nii.gz","968","1","",76.15719419560182,0.0,0.7594373036793103,0.0,-8.504493249226774,0.0,7.900187071406376,0.0,8.138594315292963,0.0,12.04796893348201,0.0,3.843590804338495,0.0,4.056596267067881,0.0,0.7373311351811722,0.0,-7.480028780050478,0.0,0.9602365054765486,0.0,""
"2026-09-29 13:37:54","git-master-bddc7a050319718b5e4e0856afec0bc9ea96418f","C:\Users\marco\Desktop\ds004507\derivatives\labels\sub-008\ses-headUp\anat\sub-008_ses-headUp_T2w_seg-manual.nii.gz","969","1","",76.43029239933901,0.0,0.8338609892559024,0.0,-8.482892001336474,0.0,7.997335157589335,0.0,8.189170504341154,0.0,12.008266961188104,0.0,3.926225104707183,0.0,4.071110052882152,0.0,0.7313884797049134,0.0,-7.436502668188474,0.0,0.9512285927029039,0.0,""
"2026-09-29 13:37:54","git-master-bddc7a050319718b5e4e0856afec0bc9ea96418f","C:\Users\marco\Desktop\ds004507\derivatives\labels\sub-008\ses-headUp\anat\sub-008_ses-headUp_T2w_seg-manual.nii.gz","970","1","","","","","","","","","","","","","","","","","","","","","","","",""
"2026-09-29 13:37:54","git-master-bddc7a050319718b5e4e0856afec0bc9ea96418f","C:\Users\marco\Desktop\ds004507\derivatives\labels\sub-008\ses-headUp\anat\sub-008_ses-headUp_T2w_seg-manual.nii.gz","971","1","","","","","","","","","","","","","","","","","","","","","","","",""
"2026-09-29 13:37:54","git-master-bddc7a050319718b5e4e0856afec0bc9ea96418f","C:\Users\marco\Desktop\ds004507\derivatives\labels\sub-008\ses-headUp\anat\sub-008_ses-headUp_T2w_seg-manual.nii.gz","972","1","","","","","","","","","","","","","","","","","","","","","","","",""
"2026-09-29 13:37:54","git-master-bddc7a050319718b5e4e0856afec0bc9ea96418f","C:\Users\marco\Desktop\ds004507\derivatives\labels\sub-008\ses-headUp\anat\sub-008_ses-headUp_T2w_seg-manual.nii.gz","973","1","","","","","","","","","","","","","","","","","","","","","","","",""
"2026-09-29 13:37:54","git-master-bddc7a050319718b5e4e0856afec0bc9ea96418f","C:\Users\marco\Desktop\ds004507\derivatives\labels\sub-008\ses-headUp\anat\sub-008_ses-headUp_T2w_seg-manual.nii.gz","974","1","","","","","","","","","","","","","","","","","","","","","","","",""
"2026-09-29 13:37:54","git-master-bddc7a050319718b5e4e0856afec0bc9ea96418f","C:\Users\marco\Desktop\ds004507\derivatives\labels\sub-008\ses-headUp\anat\sub-008_ses-headUp_T2w_seg-manual.nii.gz","975","1","","","","","","","","","","","","","","","","","","","","","","","",""
"2026-09-29 13:37:54","git-master-bddc7a050319718b5e4e0856afec0bc9ea96418f","C:\Users\marco\Desktop\ds004507\derivatives\labels\sub-008\ses-headUp\anat\sub-008_ses-headUp_T2w_seg-manual.nii.gz","976","1","","","","","","","","","","","","","","","","","","","","","","","",""
"2026-09-29 13:37:54","git-master-bddc7a050319718b5e4e0856afec0bc9ea96418f","C:\Users\marco\Desktop\ds004507\derivatives\labels\sub-008\ses-headUp\anat\sub-008_ses-headUp_T2w_seg-manual.nii.gz","977","1","","","","","","","","","","","","","","","","","","","","","","","",""
"2026-09-29 13:37:54","git-master-bddc7a050319718b5e4e0856afec0bc9ea96418f","C:\Users\marco\Desktop\ds004507\derivatives\labels\sub-008\ses-headUp\anat\sub-008_ses-headUp_T2w_seg-manual.nii.gz","978","1","","","","","","","","","","","","","","","","","","","","","","","",""
"2026-09-29 13:37:54","git-master-bddc7a050319718b5e4e0856afec0bc9ea96418f","C:\Users\marco\Desktop\ds004507\derivatives\labels\sub-008\ses-headUp\anat\sub-008_ses-headUp_T2w_seg-manual.nii.gz","979","1","","","","","","","","","","","","","","","","","","","","","","","",""
"2026-09-29 13:37:54","git-master-bddc7a050319718b5e4e0856afec0bc9ea96418f","C:\Users\marco\Desktop\ds004507\derivatives\labels\sub-008\ses-headUp\anat\sub-008_ses-headUp_T2w_seg-manual.nii.gz","980","1","","","","","","","","","","","","","","","","","","","","","","","",""
"2026-09-29 13:37:54","git-master-bddc7a050319718b5e4e0856afec0bc9ea96418f","C:\Users\marco\Desktop\ds004507\derivatives\labels\sub-008\ses-headUp\anat\sub-008_ses-headUp_T2w_seg-manual.nii.gz","981","1","","","","","","","","","","","","","","","","","","","","","","","",""
"2026-09-29 13:37:54","git-master-bddc7a050319718b5e4e0856afec0bc9ea96418f","C:\Users\marco\Desktop\ds004507\derivatives\labels\sub-008\ses-headUp\anat\sub-008_ses-headUp_T2w_seg-manual.nii.gz","982","1","","","","","","","","","","","","","","","","","","","","","","","",""
"2026-09-29 13:37:54","git-master-bddc7a050319718b5e4e0856afec0bc9ea96418f","C:\Users\marco\Desktop\ds004507\derivatives\labels\sub-008\ses-headUp\anat\sub-008_ses-headUp_T2w_seg-manual.nii.gz","983","1","","","","","","","","","","","","","","","","","","","","","","","",""
"2026-09-29 13:37:54","git-master-bddc7a050319718b5e4e0856afec0bc9ea96418f","C:\Users\marco\Desktop\ds004507\derivatives\labels\sub-008\ses-headUp\anat\sub-008_ses-headUp_T2w_seg-manual.nii.gz","984","1","","","","","","","","","","","","","","","","","","","","","","","",""
